Year,Semester,College/Division,Department ,LEVEL,Level,SCH (w/ zeros)
2010,Summer,Agri Sci & Natl Resources,Veterinary & Biomedical Sciences,Course Level,900,123
2010,Summer,Agri Sci & Natl Resources,Statistics,Course Level,900,30
2010,Summer,Agri Sci & Natl Resources,School of Natural Resources,Course Level,900,97
2010,Summer,Agri Sci & Natl Resources,Horticulture,Course Level,900,12
2010,Summer,Agri Sci & Natl Resources,Food Science & Technology,Course Level,900,39
2010,Summer,Agri Sci & Natl Resources,Entomology,Course Level,900,67
2010,Summer,Agri Sci & Natl Resources,Center for Biological Chemistry,Course Level,900,118
2010,Summer,Agri Sci & Natl Resources,Biological Systems Engineering,Course Level,900,53
2010,Summer,Agri Sci & Natl Resources,Animal Science,Course Level,900,73
2010,Summer,Agri Sci & Natl Resources,Agronomy,Course Level,900,127
2010,Summer,Agri Sci & Natl Resources,Agricultural Economics,Course Level,900,2
2010,Summer,Agri Sci & Natl Resources,Agri Leadership Educ & Comm,Course Level,900,105
2010,Summer,Agri Sci & Natl Resources,Agri & Natl Res - Dean's Office,Course Level,900,0
2010,Summer,Agri Sci & Natl Resources,Veterinary & Biomedical Sciences,Course Level,800,22
2010,Summer,Agri Sci & Natl Resources,Statistics,Course Level,800,326
2010,Summer,Agri Sci & Natl Resources,School of Natural Resources,Course Level,800,186
2010,Summer,Agri Sci & Natl Resources,Horticulture,Course Level,800,15
2010,Summer,Agri Sci & Natl Resources,Food Science & Technology,Course Level,800,14
2010,Summer,Agri Sci & Natl Resources,Entomology,Course Level,800,343
2010,Summer,Agri Sci & Natl Resources,Center for Biological Chemistry,Course Level,800,126
2010,Summer,Agri Sci & Natl Resources,Biological Systems Engineering,Course Level,800,70
2010,Summer,Agri Sci & Natl Resources,Animal Science,Course Level,800,133
2010,Summer,Agri Sci & Natl Resources,Agronomy,Course Level,800,238
2010,Summer,Agri Sci & Natl Resources,Agricultural Economics,Course Level,800,45
2010,Summer,Agri Sci & Natl Resources,Agri Leadership Educ & Comm,Course Level,800,136
2010,Summer,Agri Sci & Natl Resources,Agri & Natl Res - Dean's Office,Course Level,800,0
2010,Summer,Agri Sci & Natl Resources,Veterinary & Biomedical Sciences,Course Level,700,0
2010,Summer,Agri Sci & Natl Resources,Statistics,Course Level,700,0
2010,Summer,Agri Sci & Natl Resources,School of Natural Resources,Course Level,700,0
2010,Summer,Agri Sci & Natl Resources,Horticulture,Course Level,700,0
2010,Summer,Agri Sci & Natl Resources,Food Science & Technology,Course Level,700,0
2010,Summer,Agri Sci & Natl Resources,Entomology,Course Level,700,0
2010,Summer,Agri Sci & Natl Resources,Center for Biological Chemistry,Course Level,700,0
2010,Summer,Agri Sci & Natl Resources,Biological Systems Engineering,Course Level,700,0
2010,Summer,Agri Sci & Natl Resources,Animal Science,Course Level,700,0
2010,Summer,Agri Sci & Natl Resources,Agronomy,Course Level,700,0
2010,Summer,Agri Sci & Natl Resources,Agricultural Economics,Course Level,700,0
2010,Summer,Agri Sci & Natl Resources,Agri Leadership Educ & Comm,Course Level,700,0
2010,Summer,Agri Sci & Natl Resources,Agri & Natl Res - Dean's Office,Course Level,700,0
2010,Summer,Agri Sci & Natl Resources,Veterinary & Biomedical Sciences,Course Level,600,0
2010,Summer,Agri Sci & Natl Resources,Statistics,Course Level,600,0
2010,Summer,Agri Sci & Natl Resources,School of Natural Resources,Course Level,600,0
2010,Summer,Agri Sci & Natl Resources,Horticulture,Course Level,600,0
2010,Summer,Agri Sci & Natl Resources,Food Science & Technology,Course Level,600,0
2010,Summer,Agri Sci & Natl Resources,Entomology,Course Level,600,0
2010,Summer,Agri Sci & Natl Resources,Center for Biological Chemistry,Course Level,600,0
2010,Summer,Agri Sci & Natl Resources,Biological Systems Engineering,Course Level,600,0
2010,Summer,Agri Sci & Natl Resources,Animal Science,Course Level,600,0
2010,Summer,Agri Sci & Natl Resources,Agronomy,Course Level,600,0
2010,Summer,Agri Sci & Natl Resources,Agricultural Economics,Course Level,600,0
2010,Summer,Agri Sci & Natl Resources,Agri Leadership Educ & Comm,Course Level,600,0
2010,Summer,Agri Sci & Natl Resources,Agri & Natl Res - Dean's Office,Course Level,600,0
2010,Summer,Agri Sci & Natl Resources,Veterinary & Biomedical Sciences,Course Level,500,0
2010,Summer,Agri Sci & Natl Resources,Statistics,Course Level,500,0
2010,Summer,Agri Sci & Natl Resources,School of Natural Resources,Course Level,500,0
2010,Summer,Agri Sci & Natl Resources,Horticulture,Course Level,500,0
2010,Summer,Agri Sci & Natl Resources,Food Science & Technology,Course Level,500,0
2010,Summer,Agri Sci & Natl Resources,Entomology,Course Level,500,0
2010,Summer,Agri Sci & Natl Resources,Center for Biological Chemistry,Course Level,500,0
2010,Summer,Agri Sci & Natl Resources,Biological Systems Engineering,Course Level,500,0
2010,Summer,Agri Sci & Natl Resources,Animal Science,Course Level,500,0
2010,Summer,Agri Sci & Natl Resources,Agronomy,Course Level,500,0
2010,Summer,Agri Sci & Natl Resources,Agricultural Economics,Course Level,500,0
2010,Summer,Agri Sci & Natl Resources,Agri Leadership Educ & Comm,Course Level,500,0
2010,Summer,Agri Sci & Natl Resources,Agri & Natl Res - Dean's Office,Course Level,500,0
2010,Summer,Agri Sci & Natl Resources,Veterinary & Biomedical Sciences,Course Level,400,0
2010,Summer,Agri Sci & Natl Resources,Statistics,Course Level,400,0
2010,Summer,Agri Sci & Natl Resources,School of Natural Resources,Course Level,400,46
2010,Summer,Agri Sci & Natl Resources,Horticulture,Course Level,400,0
2010,Summer,Agri Sci & Natl Resources,Food Science & Technology,Course Level,400,0
2010,Summer,Agri Sci & Natl Resources,Entomology,Course Level,400,17
2010,Summer,Agri Sci & Natl Resources,Center for Biological Chemistry,Course Level,400,0
2010,Summer,Agri Sci & Natl Resources,Biological Systems Engineering,Course Level,400,17
2010,Summer,Agri Sci & Natl Resources,Animal Science,Course Level,400,23
2010,Summer,Agri Sci & Natl Resources,Agronomy,Course Level,400,7
2010,Summer,Agri Sci & Natl Resources,Agricultural Economics,Course Level,400,0
2010,Summer,Agri Sci & Natl Resources,Agri Leadership Educ & Comm,Course Level,400,15
2010,Summer,Agri Sci & Natl Resources,Agri & Natl Res - Dean's Office,Course Level,400,0
2010,Summer,Agri Sci & Natl Resources,Veterinary & Biomedical Sciences,Course Level,300,0
2010,Summer,Agri Sci & Natl Resources,Statistics,Course Level,300,159
2010,Summer,Agri Sci & Natl Resources,School of Natural Resources,Course Level,300,3
2010,Summer,Agri Sci & Natl Resources,Horticulture,Course Level,300,3
2010,Summer,Agri Sci & Natl Resources,Food Science & Technology,Course Level,300,7
2010,Summer,Agri Sci & Natl Resources,Entomology,Course Level,300,3
2010,Summer,Agri Sci & Natl Resources,Center for Biological Chemistry,Course Level,300,0
2010,Summer,Agri Sci & Natl Resources,Biological Systems Engineering,Course Level,300,0
2010,Summer,Agri Sci & Natl Resources,Animal Science,Course Level,300,53
2010,Summer,Agri Sci & Natl Resources,Agronomy,Course Level,300,0
2010,Summer,Agri Sci & Natl Resources,Agricultural Economics,Course Level,300,0
2010,Summer,Agri Sci & Natl Resources,Agri Leadership Educ & Comm,Course Level,300,0
2010,Summer,Agri Sci & Natl Resources,Agri & Natl Res - Dean's Office,Course Level,300,49
2010,Summer,Agri Sci & Natl Resources,Veterinary & Biomedical Sciences,Course Level,200,0
2010,Summer,Agri Sci & Natl Resources,Statistics,Course Level,200,717
2010,Summer,Agri Sci & Natl Resources,School of Natural Resources,Course Level,200,0
2010,Summer,Agri Sci & Natl Resources,Horticulture,Course Level,200,0
2010,Summer,Agri Sci & Natl Resources,Food Science & Technology,Course Level,200,0
2010,Summer,Agri Sci & Natl Resources,Entomology,Course Level,200,0
2010,Summer,Agri Sci & Natl Resources,Center for Biological Chemistry,Course Level,200,0
2010,Summer,Agri Sci & Natl Resources,Biological Systems Engineering,Course Level,200,0
2010,Summer,Agri Sci & Natl Resources,Animal Science,Course Level,200,36
2010,Summer,Agri Sci & Natl Resources,Agronomy,Course Level,200,26
2010,Summer,Agri Sci & Natl Resources,Agricultural Economics,Course Level,200,0
2010,Summer,Agri Sci & Natl Resources,Agri Leadership Educ & Comm,Course Level,200,0
2010,Summer,Agri Sci & Natl Resources,Agri & Natl Res - Dean's Office,Course Level,200,0
2010,Summer,Agri Sci & Natl Resources,Veterinary & Biomedical Sciences,Course Level,100,0
2010,Summer,Agri Sci & Natl Resources,Statistics,Course Level,100,0
2010,Summer,Agri Sci & Natl Resources,School of Natural Resources,Course Level,100,0
2010,Summer,Agri Sci & Natl Resources,Horticulture,Course Level,100,48
2010,Summer,Agri Sci & Natl Resources,Food Science & Technology,Course Level,100,108
2010,Summer,Agri Sci & Natl Resources,Entomology,Course Level,100,0
2010,Summer,Agri Sci & Natl Resources,Center for Biological Chemistry,Course Level,100,0
2010,Summer,Agri Sci & Natl Resources,Biological Systems Engineering,Course Level,100,0
2010,Summer,Agri Sci & Natl Resources,Animal Science,Course Level,100,0
2010,Summer,Agri Sci & Natl Resources,Agronomy,Course Level,100,120
2010,Summer,Agri Sci & Natl Resources,Agricultural Economics,Course Level,100,0
2010,Summer,Agri Sci & Natl Resources,Agri Leadership Educ & Comm,Course Level,100,0
2010,Summer,Agri Sci & Natl Resources,Agri & Natl Res - Dean's Office,Course Level,100,60
2010,Summer,Agri Sci & Natl Resources,Veterinary & Biomedical Sciences,Course Level,<100,0
2010,Summer,Agri Sci & Natl Resources,Statistics,Course Level,<100,0
2010,Summer,Agri Sci & Natl Resources,School of Natural Resources,Course Level,<100,0
2010,Summer,Agri Sci & Natl Resources,Horticulture,Course Level,<100,0
2010,Summer,Agri Sci & Natl Resources,Food Science & Technology,Course Level,<100,0
2010,Summer,Agri Sci & Natl Resources,Entomology,Course Level,<100,0
2010,Summer,Agri Sci & Natl Resources,Center for Biological Chemistry,Course Level,<100,0
2010,Summer,Agri Sci & Natl Resources,Biological Systems Engineering,Course Level,<100,0
2010,Summer,Agri Sci & Natl Resources,Animal Science,Course Level,<100,0
2010,Summer,Agri Sci & Natl Resources,Agronomy,Course Level,<100,0
2010,Summer,Agri Sci & Natl Resources,Agricultural Economics,Course Level,<100,0
2010,Summer,Agri Sci & Natl Resources,Agri Leadership Educ & Comm,Course Level,<100,0
2010,Summer,Agri Sci & Natl Resources,Agri & Natl Res - Dean's Office,Course Level,<100,0
2010,Summer,Architecture,Comm & Regional Planning,Course Level,900,0
2010,Summer,Architecture,Architecture,Course Level,900,0
2010,Summer,Architecture,Comm & Regional Planning,Course Level,800,41
2010,Summer,Architecture,Architecture,Course Level,800,104
2010,Summer,Architecture,Comm & Regional Planning,Course Level,700,0
2010,Summer,Architecture,Architecture,Course Level,700,0
2010,Summer,Architecture,Comm & Regional Planning,Course Level,600,0
2010,Summer,Architecture,Architecture,Course Level,600,94
2010,Summer,Architecture,Comm & Regional Planning,Course Level,500,0
2010,Summer,Architecture,Architecture,Course Level,500,189
2010,Summer,Architecture,Comm & Regional Planning,Course Level,400,0
2010,Summer,Architecture,Architecture,Course Level,400,242
2010,Summer,Architecture,Comm & Regional Planning,Course Level,300,0
2010,Summer,Architecture,Architecture,Course Level,300,315
2010,Summer,Architecture,Comm & Regional Planning,Course Level,200,0
2010,Summer,Architecture,Architecture,Course Level,200,21
2010,Summer,Architecture,Comm & Regional Planning,Course Level,100,0
2010,Summer,Architecture,Architecture,Course Level,100,118
2010,Summer,Architecture,Comm & Regional Planning,Course Level,<100,0
2010,Summer,Architecture,Architecture,Course Level,<100,0
2010,Summer,Arts & Sciences,Sociology,Course Level,900,51
2010,Summer,Arts & Sciences,School of Biological Sciences,Course Level,900,168
2010,Summer,Arts & Sciences,Psychology,Course Level,900,564
2010,Summer,Arts & Sciences,Political Science,Course Level,900,12
2010,Summer,Arts & Sciences,Physics & Astronomy,Course Level,900,338
2010,Summer,Arts & Sciences,Philosophy,Course Level,900,53
2010,Summer,Arts & Sciences,Modern Languages & Literatures,Course Level,900,16
2010,Summer,Arts & Sciences,Mathematics,Course Level,900,147
2010,Summer,Arts & Sciences,Institute for Ethnic Studies,Course Level,900,0
2010,Summer,Arts & Sciences,History,Course Level,900,54
2010,Summer,Arts & Sciences,Great Plains Studies Program,Course Level,900,0
2010,Summer,Arts & Sciences,Geosciences,Course Level,900,25
2010,Summer,Arts & Sciences,English,Course Level,900,304
2010,Summer,Arts & Sciences,Computer Science & Engineering,Course Level,900,129
2010,Summer,Arts & Sciences,Communication Studies,Course Level,900,65
2010,Summer,Arts & Sciences,Classics & Religious Studies,Course Level,900,0
2010,Summer,Arts & Sciences,Chemistry,Course Level,900,488.9999999
2010,Summer,Arts & Sciences,Arts & Sciences - Dean's Office,Course Level,900,1
2010,Summer,Arts & Sciences,ANTHROPOLOGY,Course Level,900,7
2010,Summer,Arts & Sciences,Sociology,Course Level,800,12
2010,Summer,Arts & Sciences,School of Biological Sciences,Course Level,800,26
2010,Summer,Arts & Sciences,Psychology,Course Level,800,0
2010,Summer,Arts & Sciences,Political Science,Course Level,800,0
2010,Summer,Arts & Sciences,Physics & Astronomy,Course Level,800,1
2010,Summer,Arts & Sciences,Philosophy,Course Level,800,0
2010,Summer,Arts & Sciences,Modern Languages & Literatures,Course Level,800,12
2010,Summer,Arts & Sciences,Mathematics,Course Level,800,1485
2010,Summer,Arts & Sciences,Institute for Ethnic Studies,Course Level,800,0
2010,Summer,Arts & Sciences,History,Course Level,800,81
2010,Summer,Arts & Sciences,Great Plains Studies Program,Course Level,800,12
2010,Summer,Arts & Sciences,Geosciences,Course Level,800,57
2010,Summer,Arts & Sciences,English,Course Level,800,85
2010,Summer,Arts & Sciences,Computer Science & Engineering,Course Level,800,52
2010,Summer,Arts & Sciences,Communication Studies,Course Level,800,93
2010,Summer,Arts & Sciences,Classics & Religious Studies,Course Level,800,9
2010,Summer,Arts & Sciences,Chemistry,Course Level,800,206
2010,Summer,Arts & Sciences,Arts & Sciences - Dean's Office,Course Level,800,39
2010,Summer,Arts & Sciences,ANTHROPOLOGY,Course Level,800,25
2010,Summer,Arts & Sciences,Sociology,Course Level,700,0
2010,Summer,Arts & Sciences,School of Biological Sciences,Course Level,700,0
2010,Summer,Arts & Sciences,Psychology,Course Level,700,0
2010,Summer,Arts & Sciences,Political Science,Course Level,700,0
2010,Summer,Arts & Sciences,Physics & Astronomy,Course Level,700,0
2010,Summer,Arts & Sciences,Philosophy,Course Level,700,0
2010,Summer,Arts & Sciences,Modern Languages & Literatures,Course Level,700,0
2010,Summer,Arts & Sciences,Mathematics,Course Level,700,0
2010,Summer,Arts & Sciences,Institute for Ethnic Studies,Course Level,700,0
2010,Summer,Arts & Sciences,History,Course Level,700,0
2010,Summer,Arts & Sciences,Great Plains Studies Program,Course Level,700,0
2010,Summer,Arts & Sciences,Geosciences,Course Level,700,0
2010,Summer,Arts & Sciences,English,Course Level,700,0
2010,Summer,Arts & Sciences,Computer Science & Engineering,Course Level,700,0
2010,Summer,Arts & Sciences,Communication Studies,Course Level,700,0
2010,Summer,Arts & Sciences,Classics & Religious Studies,Course Level,700,0
2010,Summer,Arts & Sciences,Chemistry,Course Level,700,0
2010,Summer,Arts & Sciences,Arts & Sciences - Dean's Office,Course Level,700,0
2010,Summer,Arts & Sciences,ANTHROPOLOGY,Course Level,700,0
2010,Summer,Arts & Sciences,Sociology,Course Level,600,0
2010,Summer,Arts & Sciences,School of Biological Sciences,Course Level,600,0
2010,Summer,Arts & Sciences,Psychology,Course Level,600,0
2010,Summer,Arts & Sciences,Political Science,Course Level,600,0
2010,Summer,Arts & Sciences,Physics & Astronomy,Course Level,600,0
2010,Summer,Arts & Sciences,Philosophy,Course Level,600,0
2010,Summer,Arts & Sciences,Modern Languages & Literatures,Course Level,600,0
2010,Summer,Arts & Sciences,Mathematics,Course Level,600,0
2010,Summer,Arts & Sciences,Institute for Ethnic Studies,Course Level,600,0
2010,Summer,Arts & Sciences,History,Course Level,600,0
2010,Summer,Arts & Sciences,Great Plains Studies Program,Course Level,600,0
2010,Summer,Arts & Sciences,Geosciences,Course Level,600,0
2010,Summer,Arts & Sciences,English,Course Level,600,0
2010,Summer,Arts & Sciences,Computer Science & Engineering,Course Level,600,0
2010,Summer,Arts & Sciences,Communication Studies,Course Level,600,0
2010,Summer,Arts & Sciences,Classics & Religious Studies,Course Level,600,0
2010,Summer,Arts & Sciences,Chemistry,Course Level,600,0
2010,Summer,Arts & Sciences,Arts & Sciences - Dean's Office,Course Level,600,0
2010,Summer,Arts & Sciences,ANTHROPOLOGY,Course Level,600,0
2010,Summer,Arts & Sciences,Sociology,Course Level,500,0
2010,Summer,Arts & Sciences,School of Biological Sciences,Course Level,500,0
2010,Summer,Arts & Sciences,Psychology,Course Level,500,0
2010,Summer,Arts & Sciences,Political Science,Course Level,500,0
2010,Summer,Arts & Sciences,Physics & Astronomy,Course Level,500,0
2010,Summer,Arts & Sciences,Philosophy,Course Level,500,0
2010,Summer,Arts & Sciences,Modern Languages & Literatures,Course Level,500,0
2010,Summer,Arts & Sciences,Mathematics,Course Level,500,0
2010,Summer,Arts & Sciences,Institute for Ethnic Studies,Course Level,500,0
2010,Summer,Arts & Sciences,History,Course Level,500,0
2010,Summer,Arts & Sciences,Great Plains Studies Program,Course Level,500,0
2010,Summer,Arts & Sciences,Geosciences,Course Level,500,0
2010,Summer,Arts & Sciences,English,Course Level,500,0
2010,Summer,Arts & Sciences,Computer Science & Engineering,Course Level,500,0
2010,Summer,Arts & Sciences,Communication Studies,Course Level,500,0
2010,Summer,Arts & Sciences,Classics & Religious Studies,Course Level,500,0
2010,Summer,Arts & Sciences,Chemistry,Course Level,500,0
2010,Summer,Arts & Sciences,Arts & Sciences - Dean's Office,Course Level,500,0
2010,Summer,Arts & Sciences,ANTHROPOLOGY,Course Level,500,0
2010,Summer,Arts & Sciences,Sociology,Course Level,400,171
2010,Summer,Arts & Sciences,School of Biological Sciences,Course Level,400,539
2010,Summer,Arts & Sciences,Psychology,Course Level,400,475
2010,Summer,Arts & Sciences,Political Science,Course Level,400,0
2010,Summer,Arts & Sciences,Physics & Astronomy,Course Level,400,0
2010,Summer,Arts & Sciences,Philosophy,Course Level,400,0
2010,Summer,Arts & Sciences,Modern Languages & Literatures,Course Level,400,69
2010,Summer,Arts & Sciences,Mathematics,Course Level,400,18
2010,Summer,Arts & Sciences,Institute for Ethnic Studies,Course Level,400,0
2010,Summer,Arts & Sciences,History,Course Level,400,91
2010,Summer,Arts & Sciences,Great Plains Studies Program,Course Level,400,0
2010,Summer,Arts & Sciences,Geosciences,Course Level,400,57
2010,Summer,Arts & Sciences,English,Course Level,400,436
2010,Summer,Arts & Sciences,Computer Science & Engineering,Course Level,400,18
2010,Summer,Arts & Sciences,Communication Studies,Course Level,400,0
2010,Summer,Arts & Sciences,Classics & Religious Studies,Course Level,400,0
2010,Summer,Arts & Sciences,Chemistry,Course Level,400,0
2010,Summer,Arts & Sciences,Arts & Sciences - Dean's Office,Course Level,400,196
2010,Summer,Arts & Sciences,ANTHROPOLOGY,Course Level,400,75
2010,Summer,Arts & Sciences,Sociology,Course Level,300,253
2010,Summer,Arts & Sciences,School of Biological Sciences,Course Level,300,377
2010,Summer,Arts & Sciences,Psychology,Course Level,300,607
2010,Summer,Arts & Sciences,Political Science,Course Level,300,138
2010,Summer,Arts & Sciences,Physics & Astronomy,Course Level,300,4
2010,Summer,Arts & Sciences,Philosophy,Course Level,300,0
2010,Summer,Arts & Sciences,Modern Languages & Literatures,Course Level,300,194
2010,Summer,Arts & Sciences,Mathematics,Course Level,300,714
2010,Summer,Arts & Sciences,Institute for Ethnic Studies,Course Level,300,90
2010,Summer,Arts & Sciences,History,Course Level,300,924
2010,Summer,Arts & Sciences,Great Plains Studies Program,Course Level,300,0
2010,Summer,Arts & Sciences,Geosciences,Course Level,300,0
2010,Summer,Arts & Sciences,English,Course Level,300,1329
2010,Summer,Arts & Sciences,Computer Science & Engineering,Course Level,300,0
2010,Summer,Arts & Sciences,Communication Studies,Course Level,300,468
2010,Summer,Arts & Sciences,Classics & Religious Studies,Course Level,300,186
2010,Summer,Arts & Sciences,Chemistry,Course Level,300,22
2010,Summer,Arts & Sciences,Arts & Sciences - Dean's Office,Course Level,300,333
2010,Summer,Arts & Sciences,ANTHROPOLOGY,Course Level,300,175
2010,Summer,Arts & Sciences,Sociology,Course Level,200,1005
2010,Summer,Arts & Sciences,School of Biological Sciences,Course Level,200,801
2010,Summer,Arts & Sciences,Psychology,Course Level,200,481
2010,Summer,Arts & Sciences,Political Science,Course Level,200,117
2010,Summer,Arts & Sciences,Physics & Astronomy,Course Level,200,440
2010,Summer,Arts & Sciences,Philosophy,Course Level,200,270
2010,Summer,Arts & Sciences,Modern Languages & Literatures,Course Level,200,1227
2010,Summer,Arts & Sciences,Mathematics,Course Level,200,1047
2010,Summer,Arts & Sciences,Institute for Ethnic Studies,Course Level,200,126
2010,Summer,Arts & Sciences,History,Course Level,200,294
2010,Summer,Arts & Sciences,Great Plains Studies Program,Course Level,200,0
2010,Summer,Arts & Sciences,Geosciences,Course Level,200,108
2010,Summer,Arts & Sciences,English,Course Level,200,810
2010,Summer,Arts & Sciences,Computer Science & Engineering,Course Level,200,13
2010,Summer,Arts & Sciences,Communication Studies,Course Level,200,1104
2010,Summer,Arts & Sciences,Classics & Religious Studies,Course Level,200,0
2010,Summer,Arts & Sciences,Chemistry,Course Level,200,1194
2010,Summer,Arts & Sciences,Arts & Sciences - Dean's Office,Course Level,200,15
2010,Summer,Arts & Sciences,ANTHROPOLOGY,Course Level,200,273
2010,Summer,Arts & Sciences,Sociology,Course Level,100,414
2010,Summer,Arts & Sciences,School of Biological Sciences,Course Level,100,472
2010,Summer,Arts & Sciences,Psychology,Course Level,100,168
2010,Summer,Arts & Sciences,Political Science,Course Level,100,468
2010,Summer,Arts & Sciences,Physics & Astronomy,Course Level,100,995
2010,Summer,Arts & Sciences,Philosophy,Course Level,100,735
2010,Summer,Arts & Sciences,Modern Languages & Literatures,Course Level,100,1374
2010,Summer,Arts & Sciences,Mathematics,Course Level,100,2541
2010,Summer,Arts & Sciences,Institute for Ethnic Studies,Course Level,100,12
2010,Summer,Arts & Sciences,History,Course Level,100,570
2010,Summer,Arts & Sciences,Great Plains Studies Program,Course Level,100,0
2010,Summer,Arts & Sciences,Geosciences,Course Level,100,255
2010,Summer,Arts & Sciences,English,Course Level,100,924
2010,Summer,Arts & Sciences,Computer Science & Engineering,Course Level,100,75
2010,Summer,Arts & Sciences,Communication Studies,Course Level,100,582
2010,Summer,Arts & Sciences,Classics & Religious Studies,Course Level,100,294
2010,Summer,Arts & Sciences,Chemistry,Course Level,100,1520
2010,Summer,Arts & Sciences,Arts & Sciences - Dean's Office,Course Level,100,186
2010,Summer,Arts & Sciences,ANTHROPOLOGY,Course Level,100,573
2010,Summer,Arts & Sciences,Sociology,Course Level,<100,0
2010,Summer,Arts & Sciences,School of Biological Sciences,Course Level,<100,0
2010,Summer,Arts & Sciences,Psychology,Course Level,<100,0
2010,Summer,Arts & Sciences,Political Science,Course Level,<100,0
2010,Summer,Arts & Sciences,Physics & Astronomy,Course Level,<100,0
2010,Summer,Arts & Sciences,Philosophy,Course Level,<100,0
2010,Summer,Arts & Sciences,Modern Languages & Literatures,Course Level,<100,0
2010,Summer,Arts & Sciences,Mathematics,Course Level,<100,0
2010,Summer,Arts & Sciences,Institute for Ethnic Studies,Course Level,<100,0
2010,Summer,Arts & Sciences,History,Course Level,<100,0
2010,Summer,Arts & Sciences,Great Plains Studies Program,Course Level,<100,0
2010,Summer,Arts & Sciences,Geosciences,Course Level,<100,0
2010,Summer,Arts & Sciences,English,Course Level,<100,0
2010,Summer,Arts & Sciences,Computer Science & Engineering,Course Level,<100,0
2010,Summer,Arts & Sciences,Communication Studies,Course Level,<100,0
2010,Summer,Arts & Sciences,Classics & Religious Studies,Course Level,<100,0
2010,Summer,Arts & Sciences,Chemistry,Course Level,<100,0
2010,Summer,Arts & Sciences,Arts & Sciences - Dean's Office,Course Level,<100,0
2010,Summer,Arts & Sciences,ANTHROPOLOGY,Course Level,<100,0
2010,Summer,Business,Marketing,Course Level,900,36
2010,Summer,Business,Management,Course Level,900,76
2010,Summer,Business,Finance,Course Level,900,12
2010,Summer,Business,Economics,Course Level,900,50
2010,Summer,Business,Business Admin - Dean's Office,Course Level,900,0
2010,Summer,Business,Actuarial Science Program,Course Level,900,34
2010,Summer,Business,Accountancy & Business Law,Course Level,900,8
2010,Summer,Business,Marketing,Course Level,800,0
2010,Summer,Business,Management,Course Level,800,102
2010,Summer,Business,Finance,Course Level,800,51
2010,Summer,Business,Economics,Course Level,800,37
2010,Summer,Business,Business Admin - Dean's Office,Course Level,800,720
2010,Summer,Business,Actuarial Science Program,Course Level,800,0
2010,Summer,Business,Accountancy & Business Law,Course Level,800,261
2010,Summer,Business,Marketing,Course Level,700,0
2010,Summer,Business,Management,Course Level,700,0
2010,Summer,Business,Finance,Course Level,700,0
2010,Summer,Business,Economics,Course Level,700,0
2010,Summer,Business,Business Admin - Dean's Office,Course Level,700,0
2010,Summer,Business,Actuarial Science Program,Course Level,700,0
2010,Summer,Business,Accountancy & Business Law,Course Level,700,0
2010,Summer,Business,Marketing,Course Level,600,0
2010,Summer,Business,Management,Course Level,600,0
2010,Summer,Business,Finance,Course Level,600,0
2010,Summer,Business,Economics,Course Level,600,0
2010,Summer,Business,Business Admin - Dean's Office,Course Level,600,0
2010,Summer,Business,Actuarial Science Program,Course Level,600,0
2010,Summer,Business,Accountancy & Business Law,Course Level,600,0
2010,Summer,Business,Marketing,Course Level,500,0
2010,Summer,Business,Management,Course Level,500,0
2010,Summer,Business,Finance,Course Level,500,0
2010,Summer,Business,Economics,Course Level,500,0
2010,Summer,Business,Business Admin - Dean's Office,Course Level,500,0
2010,Summer,Business,Actuarial Science Program,Course Level,500,0
2010,Summer,Business,Accountancy & Business Law,Course Level,500,0
2010,Summer,Business,Marketing,Course Level,400,894
2010,Summer,Business,Management,Course Level,400,1317
2010,Summer,Business,Finance,Course Level,400,351
2010,Summer,Business,Economics,Course Level,400,387
2010,Summer,Business,Business Admin - Dean's Office,Course Level,400,141
2010,Summer,Business,Actuarial Science Program,Course Level,400,0
2010,Summer,Business,Accountancy & Business Law,Course Level,400,243
2010,Summer,Business,Marketing,Course Level,300,1045
2010,Summer,Business,Management,Course Level,300,1893
2010,Summer,Business,Finance,Course Level,300,1232
2010,Summer,Business,Economics,Course Level,300,422
2010,Summer,Business,Business Admin - Dean's Office,Course Level,300,0
2010,Summer,Business,Actuarial Science Program,Course Level,300,1
2010,Summer,Business,Accountancy & Business Law,Course Level,300,888
2010,Summer,Business,Marketing,Course Level,200,0
2010,Summer,Business,Management,Course Level,200,0
2010,Summer,Business,Finance,Course Level,200,0
2010,Summer,Business,Economics,Course Level,200,1977
2010,Summer,Business,Business Admin - Dean's Office,Course Level,200,0
2010,Summer,Business,Actuarial Science Program,Course Level,200,0
2010,Summer,Business,Accountancy & Business Law,Course Level,200,882
2010,Summer,Business,Marketing,Course Level,100,0
2010,Summer,Business,Management,Course Level,100,0
2010,Summer,Business,Finance,Course Level,100,0
2010,Summer,Business,Economics,Course Level,100,0
2010,Summer,Business,Business Admin - Dean's Office,Course Level,100,124
2010,Summer,Business,Actuarial Science Program,Course Level,100,0
2010,Summer,Business,Accountancy & Business Law,Course Level,100,0
2010,Summer,Business,Marketing,Course Level,<100,0
2010,Summer,Business,Management,Course Level,<100,0
2010,Summer,Business,Finance,Course Level,<100,0
2010,Summer,Business,Economics,Course Level,<100,0
2010,Summer,Business,Business Admin - Dean's Office,Course Level,<100,0
2010,Summer,Business,Actuarial Science Program,Course Level,<100,0
2010,Summer,Business,Accountancy & Business Law,Course Level,<100,0
2010,Summer,Education & Human Sci,"Textiles, Clothing & Design",Course Level,900,24
2010,Summer,Education & Human Sci,"Teaching, Learning & Teacher Education",Course Level,900,332
2010,Summer,Education & Human Sci,Special Education & Comm Disorders,Course Level,900,321
2010,Summer,Education & Human Sci,Nutrition & Health Sciences,Course Level,900,63
2010,Summer,Education & Human Sci,Educational Psychology,Course Level,900,837
2010,Summer,Education & Human Sci,Educational Administration,Course Level,900,1112
2010,Summer,Education & Human Sci,"Child, Youth & Family Studies",Course Level,900,263
2010,Summer,Education & Human Sci,"Textiles, Clothing & Design",Course Level,800,62
2010,Summer,Education & Human Sci,"Teaching, Learning & Teacher Education",Course Level,800,2080
2010,Summer,Education & Human Sci,Special Education & Comm Disorders,Course Level,800,1086
2010,Summer,Education & Human Sci,Nutrition & Health Sciences,Course Level,800,55
2010,Summer,Education & Human Sci,Educational Psychology,Course Level,800,972
2010,Summer,Education & Human Sci,Educational Administration,Course Level,800,870
2010,Summer,Education & Human Sci,"Child, Youth & Family Studies",Course Level,800,313
2010,Summer,Education & Human Sci,"Textiles, Clothing & Design",Course Level,700,0
2010,Summer,Education & Human Sci,"Teaching, Learning & Teacher Education",Course Level,700,0
2010,Summer,Education & Human Sci,Special Education & Comm Disorders,Course Level,700,0
2010,Summer,Education & Human Sci,Nutrition & Health Sciences,Course Level,700,0
2010,Summer,Education & Human Sci,Educational Psychology,Course Level,700,0
2010,Summer,Education & Human Sci,Educational Administration,Course Level,700,0
2010,Summer,Education & Human Sci,"Child, Youth & Family Studies",Course Level,700,0
2010,Summer,Education & Human Sci,"Textiles, Clothing & Design",Course Level,600,0
2010,Summer,Education & Human Sci,"Teaching, Learning & Teacher Education",Course Level,600,0
2010,Summer,Education & Human Sci,Special Education & Comm Disorders,Course Level,600,0
2010,Summer,Education & Human Sci,Nutrition & Health Sciences,Course Level,600,0
2010,Summer,Education & Human Sci,Educational Psychology,Course Level,600,0
2010,Summer,Education & Human Sci,Educational Administration,Course Level,600,0
2010,Summer,Education & Human Sci,"Child, Youth & Family Studies",Course Level,600,0
2010,Summer,Education & Human Sci,"Textiles, Clothing & Design",Course Level,500,0
2010,Summer,Education & Human Sci,"Teaching, Learning & Teacher Education",Course Level,500,0
2010,Summer,Education & Human Sci,Special Education & Comm Disorders,Course Level,500,0
2010,Summer,Education & Human Sci,Nutrition & Health Sciences,Course Level,500,0
2010,Summer,Education & Human Sci,Educational Psychology,Course Level,500,0
2010,Summer,Education & Human Sci,Educational Administration,Course Level,500,0
2010,Summer,Education & Human Sci,"Child, Youth & Family Studies",Course Level,500,0
2010,Summer,Education & Human Sci,"Textiles, Clothing & Design",Course Level,400,228
2010,Summer,Education & Human Sci,"Teaching, Learning & Teacher Education",Course Level,400,228
2010,Summer,Education & Human Sci,Special Education & Comm Disorders,Course Level,400,244
2010,Summer,Education & Human Sci,Nutrition & Health Sciences,Course Level,400,286
2010,Summer,Education & Human Sci,Educational Psychology,Course Level,400,111
2010,Summer,Education & Human Sci,Educational Administration,Course Level,400,0
2010,Summer,Education & Human Sci,"Child, Youth & Family Studies",Course Level,400,582
2010,Summer,Education & Human Sci,"Textiles, Clothing & Design",Course Level,300,0
2010,Summer,Education & Human Sci,"Teaching, Learning & Teacher Education",Course Level,300,2665
2010,Summer,Education & Human Sci,Special Education & Comm Disorders,Course Level,300,0
2010,Summer,Education & Human Sci,Nutrition & Health Sciences,Course Level,300,450
2010,Summer,Education & Human Sci,Educational Psychology,Course Level,300,309
2010,Summer,Education & Human Sci,Educational Administration,Course Level,300,0
2010,Summer,Education & Human Sci,"Child, Youth & Family Studies",Course Level,300,99
2010,Summer,Education & Human Sci,"Textiles, Clothing & Design",Course Level,200,0
2010,Summer,Education & Human Sci,"Teaching, Learning & Teacher Education",Course Level,200,723
2010,Summer,Education & Human Sci,Special Education & Comm Disorders,Course Level,200,224
2010,Summer,Education & Human Sci,Nutrition & Health Sciences,Course Level,200,370
2010,Summer,Education & Human Sci,Educational Psychology,Course Level,200,0
2010,Summer,Education & Human Sci,Educational Administration,Course Level,200,0
2010,Summer,Education & Human Sci,"Child, Youth & Family Studies",Course Level,200,236
2010,Summer,Education & Human Sci,"Textiles, Clothing & Design",Course Level,100,40
2010,Summer,Education & Human Sci,"Teaching, Learning & Teacher Education",Course Level,100,0
2010,Summer,Education & Human Sci,Special Education & Comm Disorders,Course Level,100,0
2010,Summer,Education & Human Sci,Nutrition & Health Sciences,Course Level,100,883
2010,Summer,Education & Human Sci,Educational Psychology,Course Level,100,0
2010,Summer,Education & Human Sci,Educational Administration,Course Level,100,0
2010,Summer,Education & Human Sci,"Child, Youth & Family Studies",Course Level,100,183
2010,Summer,Education & Human Sci,"Textiles, Clothing & Design",Course Level,<100,0
2010,Summer,Education & Human Sci,"Teaching, Learning & Teacher Education",Course Level,<100,0
2010,Summer,Education & Human Sci,Special Education & Comm Disorders,Course Level,<100,0
2010,Summer,Education & Human Sci,Nutrition & Health Sciences,Course Level,<100,0
2010,Summer,Education & Human Sci,Educational Psychology,Course Level,<100,0
2010,Summer,Education & Human Sci,Educational Administration,Course Level,<100,0
2010,Summer,Education & Human Sci,"Child, Youth & Family Studies",Course Level,<100,0
2010,Summer,Engineering,Mechanical Engineering,Course Level,900,40
2010,Summer,Engineering,Industrial & Management Systems,Course Level,900,19
2010,Summer,Engineering,Engineering Mechanics,Course Level,900,226
2010,Summer,Engineering,Engineering - Dean's Office,Course Level,900,1
2010,Summer,Engineering,Electrical Engineering,Course Level,900,280
2010,Summer,Engineering,Construction Management,Course Level,900,23
2010,Summer,Engineering,Computer & Electronics Engineering - Omaha,Course Level,900,12
2010,Summer,Engineering,Civil Engineering - Omaha,Course Level,900,10
2010,Summer,Engineering,Civil Engineering,Course Level,900,140
2010,Summer,Engineering,Chemical & Biomolecular Engineering,Course Level,900,99
2010,Summer,Engineering,Architectural Engineering - Omaha,Course Level,900,28
2010,Summer,Engineering,Mechanical Engineering,Course Level,800,80
2010,Summer,Engineering,Industrial & Management Systems,Course Level,800,60
2010,Summer,Engineering,Engineering Mechanics,Course Level,800,70
2010,Summer,Engineering,Engineering - Dean's Office,Course Level,800,0
2010,Summer,Engineering,Electrical Engineering,Course Level,800,25
2010,Summer,Engineering,Construction Management,Course Level,800,22
2010,Summer,Engineering,Computer & Electronics Engineering - Omaha,Course Level,800,6
2010,Summer,Engineering,Civil Engineering - Omaha,Course Level,800,14
2010,Summer,Engineering,Civil Engineering,Course Level,800,77
2010,Summer,Engineering,Chemical & Biomolecular Engineering,Course Level,800,20
2010,Summer,Engineering,Architectural Engineering - Omaha,Course Level,800,22
2010,Summer,Engineering,Mechanical Engineering,Course Level,700,0
2010,Summer,Engineering,Industrial & Management Systems,Course Level,700,0
2010,Summer,Engineering,Engineering Mechanics,Course Level,700,0
2010,Summer,Engineering,Engineering - Dean's Office,Course Level,700,0
2010,Summer,Engineering,Electrical Engineering,Course Level,700,0
2010,Summer,Engineering,Construction Management,Course Level,700,0
2010,Summer,Engineering,Computer & Electronics Engineering - Omaha,Course Level,700,0
2010,Summer,Engineering,Civil Engineering - Omaha,Course Level,700,0
2010,Summer,Engineering,Civil Engineering,Course Level,700,0
2010,Summer,Engineering,Chemical & Biomolecular Engineering,Course Level,700,0
2010,Summer,Engineering,Architectural Engineering - Omaha,Course Level,700,0
2010,Summer,Engineering,Mechanical Engineering,Course Level,600,0
2010,Summer,Engineering,Industrial & Management Systems,Course Level,600,0
2010,Summer,Engineering,Engineering Mechanics,Course Level,600,0
2010,Summer,Engineering,Engineering - Dean's Office,Course Level,600,0
2010,Summer,Engineering,Electrical Engineering,Course Level,600,0
2010,Summer,Engineering,Construction Management,Course Level,600,0
2010,Summer,Engineering,Computer & Electronics Engineering - Omaha,Course Level,600,0
2010,Summer,Engineering,Civil Engineering - Omaha,Course Level,600,0
2010,Summer,Engineering,Civil Engineering,Course Level,600,0
2010,Summer,Engineering,Chemical & Biomolecular Engineering,Course Level,600,0
2010,Summer,Engineering,Architectural Engineering - Omaha,Course Level,600,0
2010,Summer,Engineering,Mechanical Engineering,Course Level,500,0
2010,Summer,Engineering,Industrial & Management Systems,Course Level,500,0
2010,Summer,Engineering,Engineering Mechanics,Course Level,500,0
2010,Summer,Engineering,Engineering - Dean's Office,Course Level,500,0
2010,Summer,Engineering,Electrical Engineering,Course Level,500,0
2010,Summer,Engineering,Construction Management,Course Level,500,0
2010,Summer,Engineering,Computer & Electronics Engineering - Omaha,Course Level,500,0
2010,Summer,Engineering,Civil Engineering - Omaha,Course Level,500,0
2010,Summer,Engineering,Civil Engineering,Course Level,500,0
2010,Summer,Engineering,Chemical & Biomolecular Engineering,Course Level,500,0
2010,Summer,Engineering,Architectural Engineering - Omaha,Course Level,500,0
2010,Summer,Engineering,Mechanical Engineering,Course Level,400,60
2010,Summer,Engineering,Industrial & Management Systems,Course Level,400,0
2010,Summer,Engineering,Engineering Mechanics,Course Level,400,57
2010,Summer,Engineering,Engineering - Dean's Office,Course Level,400,141
2010,Summer,Engineering,Electrical Engineering,Course Level,400,0
2010,Summer,Engineering,Construction Management,Course Level,400,3
2010,Summer,Engineering,Computer & Electronics Engineering - Omaha,Course Level,400,0
2010,Summer,Engineering,Civil Engineering - Omaha,Course Level,400,0
2010,Summer,Engineering,Civil Engineering,Course Level,400,27
2010,Summer,Engineering,Chemical & Biomolecular Engineering,Course Level,400,6
2010,Summer,Engineering,Architectural Engineering - Omaha,Course Level,400,0
2010,Summer,Engineering,Mechanical Engineering,Course Level,300,51
2010,Summer,Engineering,Industrial & Management Systems,Course Level,300,0
2010,Summer,Engineering,Engineering Mechanics,Course Level,300,243
2010,Summer,Engineering,Engineering - Dean's Office,Course Level,300,0
2010,Summer,Engineering,Electrical Engineering,Course Level,300,3
2010,Summer,Engineering,Construction Management,Course Level,300,0
2010,Summer,Engineering,Computer & Electronics Engineering - Omaha,Course Level,300,71
2010,Summer,Engineering,Civil Engineering - Omaha,Course Level,300,114
2010,Summer,Engineering,Civil Engineering,Course Level,300,0
2010,Summer,Engineering,Chemical & Biomolecular Engineering,Course Level,300,0
2010,Summer,Engineering,Architectural Engineering - Omaha,Course Level,300,33
2010,Summer,Engineering,Mechanical Engineering,Course Level,200,0
2010,Summer,Engineering,Industrial & Management Systems,Course Level,200,81
2010,Summer,Engineering,Engineering Mechanics,Course Level,200,240
2010,Summer,Engineering,Engineering - Dean's Office,Course Level,200,6
2010,Summer,Engineering,Electrical Engineering,Course Level,200,127
2010,Summer,Engineering,Construction Management,Course Level,200,0
2010,Summer,Engineering,Computer & Electronics Engineering - Omaha,Course Level,200,0
2010,Summer,Engineering,Civil Engineering - Omaha,Course Level,200,72
2010,Summer,Engineering,Civil Engineering,Course Level,200,129
2010,Summer,Engineering,Chemical & Biomolecular Engineering,Course Level,200,42
2010,Summer,Engineering,Architectural Engineering - Omaha,Course Level,200,0
2010,Summer,Engineering,Mechanical Engineering,Course Level,100,0
2010,Summer,Engineering,Industrial & Management Systems,Course Level,100,0
2010,Summer,Engineering,Engineering Mechanics,Course Level,100,0
2010,Summer,Engineering,Engineering - Dean's Office,Course Level,100,0
2010,Summer,Engineering,Electrical Engineering,Course Level,100,0
2010,Summer,Engineering,Construction Management,Course Level,100,0
2010,Summer,Engineering,Computer & Electronics Engineering - Omaha,Course Level,100,0
2010,Summer,Engineering,Civil Engineering - Omaha,Course Level,100,0
2010,Summer,Engineering,Civil Engineering,Course Level,100,0
2010,Summer,Engineering,Chemical & Biomolecular Engineering,Course Level,100,0
2010,Summer,Engineering,Architectural Engineering - Omaha,Course Level,100,0
2010,Summer,Engineering,Mechanical Engineering,Course Level,<100,0
2010,Summer,Engineering,Industrial & Management Systems,Course Level,<100,0
2010,Summer,Engineering,Engineering Mechanics,Course Level,<100,0
2010,Summer,Engineering,Engineering - Dean's Office,Course Level,<100,0
2010,Summer,Engineering,Electrical Engineering,Course Level,<100,0
2010,Summer,Engineering,Construction Management,Course Level,<100,0
2010,Summer,Engineering,Computer & Electronics Engineering - Omaha,Course Level,<100,0
2010,Summer,Engineering,Civil Engineering - Omaha,Course Level,<100,0
2010,Summer,Engineering,Civil Engineering,Course Level,<100,0
2010,Summer,Engineering,Chemical & Biomolecular Engineering,Course Level,<100,0
2010,Summer,Engineering,Architectural Engineering - Omaha,Course Level,<100,0
2010,Summer,Fine & Performing Arts,School of Music,Course Level,900,60
2010,Summer,Fine & Performing Arts,Johnny Carson School of Theatre & Film,Course Level,900,0
2010,Summer,Fine & Performing Arts,Art & Art History,Course Level,900,0
2010,Summer,Fine & Performing Arts,School of Music,Course Level,800,290
2010,Summer,Fine & Performing Arts,Johnny Carson School of Theatre & Film,Course Level,800,0
2010,Summer,Fine & Performing Arts,Art & Art History,Course Level,800,15
2010,Summer,Fine & Performing Arts,School of Music,Course Level,700,0
2010,Summer,Fine & Performing Arts,Johnny Carson School of Theatre & Film,Course Level,700,0
2010,Summer,Fine & Performing Arts,Art & Art History,Course Level,700,0
2010,Summer,Fine & Performing Arts,School of Music,Course Level,600,0
2010,Summer,Fine & Performing Arts,Johnny Carson School of Theatre & Film,Course Level,600,0
2010,Summer,Fine & Performing Arts,Art & Art History,Course Level,600,0
2010,Summer,Fine & Performing Arts,School of Music,Course Level,500,0
2010,Summer,Fine & Performing Arts,Johnny Carson School of Theatre & Film,Course Level,500,0
2010,Summer,Fine & Performing Arts,Art & Art History,Course Level,500,0
2010,Summer,Fine & Performing Arts,School of Music,Course Level,400,72
2010,Summer,Fine & Performing Arts,Johnny Carson School of Theatre & Film,Course Level,400,9
2010,Summer,Fine & Performing Arts,Art & Art History,Course Level,400,230
2010,Summer,Fine & Performing Arts,School of Music,Course Level,300,316
2010,Summer,Fine & Performing Arts,Johnny Carson School of Theatre & Film,Course Level,300,36
2010,Summer,Fine & Performing Arts,Art & Art History,Course Level,300,117
2010,Summer,Fine & Performing Arts,School of Music,Course Level,200,407
2010,Summer,Fine & Performing Arts,Johnny Carson School of Theatre & Film,Course Level,200,0
2010,Summer,Fine & Performing Arts,Art & Art History,Course Level,200,195
2010,Summer,Fine & Performing Arts,School of Music,Course Level,100,85
2010,Summer,Fine & Performing Arts,Johnny Carson School of Theatre & Film,Course Level,100,168
2010,Summer,Fine & Performing Arts,Art & Art History,Course Level,100,360
2010,Summer,Fine & Performing Arts,School of Music,Course Level,<100,0
2010,Summer,Fine & Performing Arts,Johnny Carson School of Theatre & Film,Course Level,<100,0
2010,Summer,Fine & Performing Arts,Art & Art History,Course Level,<100,0
2010,Summer,Journalism & Mass Comm,News - Editorial,Course Level,900,0
2010,Summer,Journalism & Mass Comm,Journalism & Mass Media - Dean's Office,Course Level,900,9
2010,Summer,Journalism & Mass Comm,Broadcasting,Course Level,900,0
2010,Summer,Journalism & Mass Comm,Advertising,Course Level,900,0
2010,Summer,Journalism & Mass Comm,News - Editorial,Course Level,800,0
2010,Summer,Journalism & Mass Comm,Journalism & Mass Media - Dean's Office,Course Level,800,57
2010,Summer,Journalism & Mass Comm,Broadcasting,Course Level,800,0
2010,Summer,Journalism & Mass Comm,Advertising,Course Level,800,111
2010,Summer,Journalism & Mass Comm,News - Editorial,Course Level,700,0
2010,Summer,Journalism & Mass Comm,Journalism & Mass Media - Dean's Office,Course Level,700,0
2010,Summer,Journalism & Mass Comm,Broadcasting,Course Level,700,0
2010,Summer,Journalism & Mass Comm,Advertising,Course Level,700,0
2010,Summer,Journalism & Mass Comm,News - Editorial,Course Level,600,0
2010,Summer,Journalism & Mass Comm,Journalism & Mass Media - Dean's Office,Course Level,600,0
2010,Summer,Journalism & Mass Comm,Broadcasting,Course Level,600,0
2010,Summer,Journalism & Mass Comm,Advertising,Course Level,600,0
2010,Summer,Journalism & Mass Comm,News - Editorial,Course Level,500,0
2010,Summer,Journalism & Mass Comm,Journalism & Mass Media - Dean's Office,Course Level,500,0
2010,Summer,Journalism & Mass Comm,Broadcasting,Course Level,500,0
2010,Summer,Journalism & Mass Comm,Advertising,Course Level,500,0
2010,Summer,Journalism & Mass Comm,News - Editorial,Course Level,400,0
2010,Summer,Journalism & Mass Comm,Journalism & Mass Media - Dean's Office,Course Level,400,503
2010,Summer,Journalism & Mass Comm,Broadcasting,Course Level,400,84
2010,Summer,Journalism & Mass Comm,Advertising,Course Level,400,543
2010,Summer,Journalism & Mass Comm,News - Editorial,Course Level,300,24
2010,Summer,Journalism & Mass Comm,Journalism & Mass Media - Dean's Office,Course Level,300,0
2010,Summer,Journalism & Mass Comm,Broadcasting,Course Level,300,72
2010,Summer,Journalism & Mass Comm,Advertising,Course Level,300,207
2010,Summer,Journalism & Mass Comm,News - Editorial,Course Level,200,57
2010,Summer,Journalism & Mass Comm,Journalism & Mass Media - Dean's Office,Course Level,200,387
2010,Summer,Journalism & Mass Comm,Broadcasting,Course Level,200,0
2010,Summer,Journalism & Mass Comm,Advertising,Course Level,200,219
2010,Summer,Journalism & Mass Comm,News - Editorial,Course Level,100,0
2010,Summer,Journalism & Mass Comm,Journalism & Mass Media - Dean's Office,Course Level,100,264
2010,Summer,Journalism & Mass Comm,Broadcasting,Course Level,100,0
2010,Summer,Journalism & Mass Comm,Advertising,Course Level,100,0
2010,Summer,Journalism & Mass Comm,News - Editorial,Course Level,<100,0
2010,Summer,Journalism & Mass Comm,Journalism & Mass Media - Dean's Office,Course Level,<100,0
2010,Summer,Journalism & Mass Comm,Broadcasting,Course Level,<100,0
2010,Summer,Journalism & Mass Comm,Advertising,Course Level,<100,0
2010,Summer,Law,Law,Course Level,900,0
2010,Summer,Law,Law,Course Level,800,0
2010,Summer,Law,Law,Course Level,700,632
2010,Summer,Law,Law,Course Level,600,622
2010,Summer,Law,Law,Course Level,500,0
2010,Summer,Law,Law,Course Level,400,0
2010,Summer,Law,Law,Course Level,300,0
2010,Summer,Law,Law,Course Level,200,0
2010,Summer,Law,Law,Course Level,100,0
2010,Summer,Law,Law,Course Level,<100,0
2010,Summer,Graduate Studies,Graduate College - Dean's Office,Course Level,900,162
2010,Summer,Graduate Studies,Graduate College - Dean's Office,Course Level,800,0
2010,Summer,Graduate Studies,Graduate College - Dean's Office,Course Level,700,0
2010,Summer,Graduate Studies,Graduate College - Dean's Office,Course Level,600,0
2010,Summer,Graduate Studies,Graduate College - Dean's Office,Course Level,500,0
2010,Summer,Graduate Studies,Graduate College - Dean's Office,Course Level,400,0
2010,Summer,Graduate Studies,Graduate College - Dean's Office,Course Level,300,0
2010,Summer,Graduate Studies,Graduate College - Dean's Office,Course Level,200,0
2010,Summer,Graduate Studies,Graduate College - Dean's Office,Course Level,100,0
2010,Summer,Graduate Studies,Graduate College - Dean's Office,Course Level,<100,0
2010,Summer,Other University Programs,UNIVERSITY HONORS PROGRAM,Course Level,900,0
2010,Summer,Other University Programs,Special Waiver,Course Level,900,0
2010,Summer,Other University Programs,Library,Course Level,900,0
2010,Summer,Other University Programs,UNIVERSITY HONORS PROGRAM,Course Level,800,0
2010,Summer,Other University Programs,Special Waiver,Course Level,800,0
2010,Summer,Other University Programs,Library,Course Level,800,0
2010,Summer,Other University Programs,UNIVERSITY HONORS PROGRAM,Course Level,700,0
2010,Summer,Other University Programs,Special Waiver,Course Level,700,0
2010,Summer,Other University Programs,Library,Course Level,700,0
2010,Summer,Other University Programs,UNIVERSITY HONORS PROGRAM,Course Level,600,0
2010,Summer,Other University Programs,Special Waiver,Course Level,600,91
2010,Summer,Other University Programs,Library,Course Level,600,0
2010,Summer,Other University Programs,UNIVERSITY HONORS PROGRAM,Course Level,500,0
2010,Summer,Other University Programs,Special Waiver,Course Level,500,0
2010,Summer,Other University Programs,Library,Course Level,500,0
2010,Summer,Other University Programs,UNIVERSITY HONORS PROGRAM,Course Level,400,12
2010,Summer,Other University Programs,Special Waiver,Course Level,400,0
2010,Summer,Other University Programs,Library,Course Level,400,0
2010,Summer,Other University Programs,UNIVERSITY HONORS PROGRAM,Course Level,300,0
2010,Summer,Other University Programs,Special Waiver,Course Level,300,0
2010,Summer,Other University Programs,Library,Course Level,300,0
2010,Summer,Other University Programs,UNIVERSITY HONORS PROGRAM,Course Level,200,0
2010,Summer,Other University Programs,Special Waiver,Course Level,200,839
2010,Summer,Other University Programs,Library,Course Level,200,0
2010,Summer,Other University Programs,UNIVERSITY HONORS PROGRAM,Course Level,100,27
2010,Summer,Other University Programs,Special Waiver,Course Level,100,24
2010,Summer,Other University Programs,Library,Course Level,100,199
2010,Summer,Other University Programs,UNIVERSITY HONORS PROGRAM,Course Level,<100,0
2010,Summer,Other University Programs,Special Waiver,Course Level,<100,49
2010,Summer,Other University Programs,Library,Course Level,<100,0