"GEO_ID","NAME","DATE_CODE","POP"
"id","Geographic Area Name","Estimate Date","Population"
"0500000US19001","Adair County, Iowa","4/1/2010 Census population","7682"
"0500000US19001","Adair County, Iowa","4/1/2010 population estimates base","7682"
"0500000US19001","Adair County, Iowa","7/1/2010 population estimate","7679"
"0500000US19001","Adair County, Iowa","7/1/2011 population estimate","7546"
"0500000US19001","Adair County, Iowa","7/1/2012 population estimate","7468"
"0500000US19001","Adair County, Iowa","7/1/2013 population estimate","7387"
"0500000US19001","Adair County, Iowa","7/1/2014 population estimate","7368"
"0500000US19001","Adair County, Iowa","7/1/2015 population estimate","7145"
"0500000US19001","Adair County, Iowa","7/1/2016 population estimate","7005"
"0500000US19001","Adair County, Iowa","7/1/2017 population estimate","7051"
"0500000US19001","Adair County, Iowa","7/1/2018 population estimate","7074"
"0500000US19001","Adair County, Iowa","7/1/2019 population estimate","7152"
"0500000US19003","Adams County, Iowa","4/1/2010 Census population","4029"
"0500000US19003","Adams County, Iowa","4/1/2010 population estimates base","4029"
"0500000US19003","Adams County, Iowa","7/1/2010 population estimate","4023"
"0500000US19003","Adams County, Iowa","7/1/2011 population estimate","3994"
"0500000US19003","Adams County, Iowa","7/1/2012 population estimate","3910"
"0500000US19003","Adams County, Iowa","7/1/2013 population estimate","3891"
"0500000US19003","Adams County, Iowa","7/1/2014 population estimate","3877"
"0500000US19003","Adams County, Iowa","7/1/2015 population estimate","3754"
"0500000US19003","Adams County, Iowa","7/1/2016 population estimate","3692"
"0500000US19003","Adams County, Iowa","7/1/2017 population estimate","3657"
"0500000US19003","Adams County, Iowa","7/1/2018 population estimate","3644"
"0500000US19003","Adams County, Iowa","7/1/2019 population estimate","3602"
"0500000US19005","Allamakee County, Iowa","4/1/2010 Census population","14330"
"0500000US19005","Allamakee County, Iowa","4/1/2010 population estimates base","14328"
"0500000US19005","Allamakee County, Iowa","7/1/2010 population estimate","14378"
"0500000US19005","Allamakee County, Iowa","7/1/2011 population estimate","14222"
"0500000US19005","Allamakee County, Iowa","7/1/2012 population estimate","14149"
"0500000US19005","Allamakee County, Iowa","7/1/2013 population estimate","14071"
"0500000US19005","Allamakee County, Iowa","7/1/2014 population estimate","14062"
"0500000US19005","Allamakee County, Iowa","7/1/2015 population estimate","13874"
"0500000US19005","Allamakee County, Iowa","7/1/2016 population estimate","13851"
"0500000US19005","Allamakee County, Iowa","7/1/2017 population estimate","13803"
"0500000US19005","Allamakee County, Iowa","7/1/2018 population estimate","13852"
"0500000US19005","Allamakee County, Iowa","7/1/2019 population estimate","13687"
"0500000US19007","Appanoose County, Iowa","4/1/2010 Census population","12887"
"0500000US19007","Appanoose County, Iowa","4/1/2010 population estimates base","12887"
"0500000US19007","Appanoose County, Iowa","7/1/2010 population estimate","12856"
"0500000US19007","Appanoose County, Iowa","7/1/2011 population estimate","12848"
"0500000US19007","Appanoose County, Iowa","7/1/2012 population estimate","12707"
"0500000US19007","Appanoose County, Iowa","7/1/2013 population estimate","12654"
"0500000US19007","Appanoose County, Iowa","7/1/2014 population estimate","12671"
"0500000US19007","Appanoose County, Iowa","7/1/2015 population estimate","12577"
"0500000US19007","Appanoose County, Iowa","7/1/2016 population estimate","12505"
"0500000US19007","Appanoose County, Iowa","7/1/2017 population estimate","12353"
"0500000US19007","Appanoose County, Iowa","7/1/2018 population estimate","12401"
"0500000US19007","Appanoose County, Iowa","7/1/2019 population estimate","12426"
"0500000US19009","Audubon County, Iowa","4/1/2010 Census population","6119"
"0500000US19009","Audubon County, Iowa","4/1/2010 population estimates base","6119"
"0500000US19009","Audubon County, Iowa","7/1/2010 population estimate","6098"
"0500000US19009","Audubon County, Iowa","7/1/2011 population estimate","6004"
"0500000US19009","Audubon County, Iowa","7/1/2012 population estimate","5865"
"0500000US19009","Audubon County, Iowa","7/1/2013 population estimate","5863"
"0500000US19009","Audubon County, Iowa","7/1/2014 population estimate","5771"
"0500000US19009","Audubon County, Iowa","7/1/2015 population estimate","5711"
"0500000US19009","Audubon County, Iowa","7/1/2016 population estimate","5626"
"0500000US19009","Audubon County, Iowa","7/1/2017 population estimate","5550"
"0500000US19009","Audubon County, Iowa","7/1/2018 population estimate","5471"
"0500000US19009","Audubon County, Iowa","7/1/2019 population estimate","5496"
"0500000US19011","Benton County, Iowa","4/1/2010 Census population","26076"
"0500000US19011","Benton County, Iowa","4/1/2010 population estimates base","26069"
"0500000US19011","Benton County, Iowa","7/1/2010 population estimate","26046"
"0500000US19011","Benton County, Iowa","7/1/2011 population estimate","26078"
"0500000US19011","Benton County, Iowa","7/1/2012 population estimate","25830"
"0500000US19011","Benton County, Iowa","7/1/2013 population estimate","25699"
"0500000US19011","Benton County, Iowa","7/1/2014 population estimate","25623"
"0500000US19011","Benton County, Iowa","7/1/2015 population estimate","25608"
"0500000US19011","Benton County, Iowa","7/1/2016 population estimate","25644"
"0500000US19011","Benton County, Iowa","7/1/2017 population estimate","25656"
"0500000US19011","Benton County, Iowa","7/1/2018 population estimate","25625"
"0500000US19011","Benton County, Iowa","7/1/2019 population estimate","25645"
"0500000US19013","Black Hawk County, Iowa","4/1/2010 Census population","131090"
"0500000US19013","Black Hawk County, Iowa","4/1/2010 population estimates base","131086"
"0500000US19013","Black Hawk County, Iowa","7/1/2010 population estimate","131162"
"0500000US19013","Black Hawk County, Iowa","7/1/2011 population estimate","131584"
"0500000US19013","Black Hawk County, Iowa","7/1/2012 population estimate","131878"
"0500000US19013","Black Hawk County, Iowa","7/1/2013 population estimate","132933"
"0500000US19013","Black Hawk County, Iowa","7/1/2014 population estimate","133390"
"0500000US19013","Black Hawk County, Iowa","7/1/2015 population estimate","133701"
"0500000US19013","Black Hawk County, Iowa","7/1/2016 population estimate","133077"
"0500000US19013","Black Hawk County, Iowa","7/1/2017 population estimate","132238"
"0500000US19013","Black Hawk County, Iowa","7/1/2018 population estimate","131723"
"0500000US19013","Black Hawk County, Iowa","7/1/2019 population estimate","131228"
"0500000US19015","Boone County, Iowa","4/1/2010 Census population","26306"
"0500000US19015","Boone County, Iowa","4/1/2010 population estimates base","26308"
"0500000US19015","Boone County, Iowa","7/1/2010 population estimate","26271"
"0500000US19015","Boone County, Iowa","7/1/2011 population estimate","26288"
"0500000US19015","Boone County, Iowa","7/1/2012 population estimate","26136"
"0500000US19015","Boone County, Iowa","7/1/2013 population estimate","26284"
"0500000US19015","Boone County, Iowa","7/1/2014 population estimate","26290"
"0500000US19015","Boone County, Iowa","7/1/2015 population estimate","26443"
"0500000US19015","Boone County, Iowa","7/1/2016 population estimate","26416"
"0500000US19015","Boone County, Iowa","7/1/2017 population estimate","26443"
"0500000US19015","Boone County, Iowa","7/1/2018 population estimate","26312"
"0500000US19015","Boone County, Iowa","7/1/2019 population estimate","26234"
"0500000US19017","Bremer County, Iowa","4/1/2010 Census population","24276"
"0500000US19017","Bremer County, Iowa","4/1/2010 population estimates base","24280"
"0500000US19017","Bremer County, Iowa","7/1/2010 population estimate","24295"
"0500000US19017","Bremer County, Iowa","7/1/2011 population estimate","24381"
"0500000US19017","Bremer County, Iowa","7/1/2012 population estimate","24496"
"0500000US19017","Bremer County, Iowa","7/1/2013 population estimate","24579"
"0500000US19017","Bremer County, Iowa","7/1/2014 population estimate","24670"
"0500000US19017","Bremer County, Iowa","7/1/2015 population estimate","24746"
"0500000US19017","Bremer County, Iowa","7/1/2016 population estimate","24747"
"0500000US19017","Bremer County, Iowa","7/1/2017 population estimate","24823"
"0500000US19017","Bremer County, Iowa","7/1/2018 population estimate","24941"
"0500000US19017","Bremer County, Iowa","7/1/2019 population estimate","25062"
"0500000US19019","Buchanan County, Iowa","4/1/2010 Census population","20958"
"0500000US19019","Buchanan County, Iowa","4/1/2010 population estimates base","20953"
"0500000US19019","Buchanan County, Iowa","7/1/2010 population estimate","20974"
"0500000US19019","Buchanan County, Iowa","7/1/2011 population estimate","20911"
"0500000US19019","Buchanan County, Iowa","7/1/2012 population estimate","20994"
"0500000US19019","Buchanan County, Iowa","7/1/2013 population estimate","21026"
"0500000US19019","Buchanan County, Iowa","7/1/2014 population estimate","21131"
"0500000US19019","Buchanan County, Iowa","7/1/2015 population estimate","21105"
"0500000US19019","Buchanan County, Iowa","7/1/2016 population estimate","21007"
"0500000US19019","Buchanan County, Iowa","7/1/2017 population estimate","21126"
"0500000US19019","Buchanan County, Iowa","7/1/2018 population estimate","21178"
"0500000US19019","Buchanan County, Iowa","7/1/2019 population estimate","21175"
"0500000US19021","Buena Vista County, Iowa","4/1/2010 Census population","20260"
"0500000US19021","Buena Vista County, Iowa","4/1/2010 population estimates base","20265"
"0500000US19021","Buena Vista County, Iowa","7/1/2010 population estimate","20356"
"0500000US19021","Buena Vista County, Iowa","7/1/2011 population estimate","20311"
"0500000US19021","Buena Vista County, Iowa","7/1/2012 population estimate","20561"
"0500000US19021","Buena Vista County, Iowa","7/1/2013 population estimate","20649"
"0500000US19021","Buena Vista County, Iowa","7/1/2014 population estimate","20606"
"0500000US19021","Buena Vista County, Iowa","7/1/2015 population estimate","20374"
"0500000US19021","Buena Vista County, Iowa","7/1/2016 population estimate","20325"
"0500000US19021","Buena Vista County, Iowa","7/1/2017 population estimate","20144"
"0500000US19021","Buena Vista County, Iowa","7/1/2018 population estimate","19826"
"0500000US19021","Buena Vista County, Iowa","7/1/2019 population estimate","19620"
"0500000US19023","Butler County, Iowa","4/1/2010 Census population","14867"
"0500000US19023","Butler County, Iowa","4/1/2010 population estimates base","14869"
"0500000US19023","Butler County, Iowa","7/1/2010 population estimate","14916"
"0500000US19023","Butler County, Iowa","7/1/2011 population estimate","14966"
"0500000US19023","Butler County, Iowa","7/1/2012 population estimate","14971"
"0500000US19023","Butler County, Iowa","7/1/2013 population estimate","14975"
"0500000US19023","Butler County, Iowa","7/1/2014 population estimate","14959"
"0500000US19023","Butler County, Iowa","7/1/2015 population estimate","14881"
"0500000US19023","Butler County, Iowa","7/1/2016 population estimate","14702"
"0500000US19023","Butler County, Iowa","7/1/2017 population estimate","14592"
"0500000US19023","Butler County, Iowa","7/1/2018 population estimate","14525"
"0500000US19023","Butler County, Iowa","7/1/2019 population estimate","14439"
"0500000US19025","Calhoun County, Iowa","4/1/2010 Census population","9670"
"0500000US19025","Calhoun County, Iowa","4/1/2010 population estimates base","10177"
"0500000US19025","Calhoun County, Iowa","7/1/2010 population estimate","10160"
"0500000US19025","Calhoun County, Iowa","7/1/2011 population estimate","10064"
"0500000US19025","Calhoun County, Iowa","7/1/2012 population estimate","9913"
"0500000US19025","Calhoun County, Iowa","7/1/2013 population estimate","9898"
"0500000US19025","Calhoun County, Iowa","7/1/2014 population estimate","9845"
"0500000US19025","Calhoun County, Iowa","7/1/2015 population estimate","9801"
"0500000US19025","Calhoun County, Iowa","7/1/2016 population estimate","9811"
"0500000US19025","Calhoun County, Iowa","7/1/2017 population estimate","9729"
"0500000US19025","Calhoun County, Iowa","7/1/2018 population estimate","9711"
"0500000US19025","Calhoun County, Iowa","7/1/2019 population estimate","9668"
"0500000US19027","Carroll County, Iowa","4/1/2010 Census population","20816"
"0500000US19027","Carroll County, Iowa","4/1/2010 population estimates base","20816"
"0500000US19027","Carroll County, Iowa","7/1/2010 population estimate","20824"
"0500000US19027","Carroll County, Iowa","7/1/2011 population estimate","20860"
"0500000US19027","Carroll County, Iowa","7/1/2012 population estimate","20654"
"0500000US19027","Carroll County, Iowa","7/1/2013 population estimate","20541"
"0500000US19027","Carroll County, Iowa","7/1/2014 population estimate","20499"
"0500000US19027","Carroll County, Iowa","7/1/2015 population estimate","20423"
"0500000US19027","Carroll County, Iowa","7/1/2016 population estimate","20388"
"0500000US19027","Carroll County, Iowa","7/1/2017 population estimate","20274"
"0500000US19027","Carroll County, Iowa","7/1/2018 population estimate","20153"
"0500000US19027","Carroll County, Iowa","7/1/2019 population estimate","20165"
"0500000US19029","Cass County, Iowa","4/1/2010 Census population","13956"
"0500000US19029","Cass County, Iowa","4/1/2010 population estimates base","13952"
"0500000US19029","Cass County, Iowa","7/1/2010 population estimate","13928"
"0500000US19029","Cass County, Iowa","7/1/2011 population estimate","13765"
"0500000US19029","Cass County, Iowa","7/1/2012 population estimate","13700"
"0500000US19029","Cass County, Iowa","7/1/2013 population estimate","13572"
"0500000US19029","Cass County, Iowa","7/1/2014 population estimate","13395"
"0500000US19029","Cass County, Iowa","7/1/2015 population estimate","13351"
"0500000US19029","Cass County, Iowa","7/1/2016 population estimate","13176"
"0500000US19029","Cass County, Iowa","7/1/2017 population estimate","13144"
"0500000US19029","Cass County, Iowa","7/1/2018 population estimate","12948"
"0500000US19029","Cass County, Iowa","7/1/2019 population estimate","12836"
"0500000US19031","Cedar County, Iowa","4/1/2010 Census population","18499"
"0500000US19031","Cedar County, Iowa","4/1/2010 population estimates base","18441"
"0500000US19031","Cedar County, Iowa","7/1/2010 population estimate","18450"
"0500000US19031","Cedar County, Iowa","7/1/2011 population estimate","18358"
"0500000US19031","Cedar County, Iowa","7/1/2012 population estimate","18296"
"0500000US19031","Cedar County, Iowa","7/1/2013 population estimate","18226"
"0500000US19031","Cedar County, Iowa","7/1/2014 population estimate","18276"
"0500000US19031","Cedar County, Iowa","7/1/2015 population estimate","18254"
"0500000US19031","Cedar County, Iowa","7/1/2016 population estimate","18348"
"0500000US19031","Cedar County, Iowa","7/1/2017 population estimate","18490"
"0500000US19031","Cedar County, Iowa","7/1/2018 population estimate","18564"
"0500000US19031","Cedar County, Iowa","7/1/2019 population estimate","18627"
"0500000US19033","Cerro Gordo County, Iowa","4/1/2010 Census population","44151"
"0500000US19033","Cerro Gordo County, Iowa","4/1/2010 population estimates base","44153"
"0500000US19033","Cerro Gordo County, Iowa","7/1/2010 population estimate","44097"
"0500000US19033","Cerro Gordo County, Iowa","7/1/2011 population estimate","43971"
"0500000US19033","Cerro Gordo County, Iowa","7/1/2012 population estimate","43699"
"0500000US19033","Cerro Gordo County, Iowa","7/1/2013 population estimate","43528"
"0500000US19033","Cerro Gordo County, Iowa","7/1/2014 population estimate","43206"
"0500000US19033","Cerro Gordo County, Iowa","7/1/2015 population estimate","42983"
"0500000US19033","Cerro Gordo County, Iowa","7/1/2016 population estimate","43096"
"0500000US19033","Cerro Gordo County, Iowa","7/1/2017 population estimate","42999"
"0500000US19033","Cerro Gordo County, Iowa","7/1/2018 population estimate","42642"
"0500000US19033","Cerro Gordo County, Iowa","7/1/2019 population estimate","42450"
"0500000US19035","Cherokee County, Iowa","4/1/2010 Census population","12072"
"0500000US19035","Cherokee County, Iowa","4/1/2010 population estimates base","12067"
"0500000US19035","Cherokee County, Iowa","7/1/2010 population estimate","12110"
"0500000US19035","Cherokee County, Iowa","7/1/2011 population estimate","12024"
"0500000US19035","Cherokee County, Iowa","7/1/2012 population estimate","11951"
"0500000US19035","Cherokee County, Iowa","7/1/2013 population estimate","11874"
"0500000US19035","Cherokee County, Iowa","7/1/2014 population estimate","11801"
"0500000US19035","Cherokee County, Iowa","7/1/2015 population estimate","11483"
"0500000US19035","Cherokee County, Iowa","7/1/2016 population estimate","11394"
"0500000US19035","Cherokee County, Iowa","7/1/2017 population estimate","11307"
"0500000US19035","Cherokee County, Iowa","7/1/2018 population estimate","11295"
"0500000US19035","Cherokee County, Iowa","7/1/2019 population estimate","11235"
"0500000US19037","Chickasaw County, Iowa","4/1/2010 Census population","12439"
"0500000US19037","Chickasaw County, Iowa","4/1/2010 population estimates base","12442"
"0500000US19037","Chickasaw County, Iowa","7/1/2010 population estimate","12410"
"0500000US19037","Chickasaw County, Iowa","7/1/2011 population estimate","12405"
"0500000US19037","Chickasaw County, Iowa","7/1/2012 population estimate","12287"
"0500000US19037","Chickasaw County, Iowa","7/1/2013 population estimate","12274"
"0500000US19037","Chickasaw County, Iowa","7/1/2014 population estimate","12252"
"0500000US19037","Chickasaw County, Iowa","7/1/2015 population estimate","12151"
"0500000US19037","Chickasaw County, Iowa","7/1/2016 population estimate","12094"
"0500000US19037","Chickasaw County, Iowa","7/1/2017 population estimate","12002"
"0500000US19037","Chickasaw County, Iowa","7/1/2018 population estimate","11952"
"0500000US19037","Chickasaw County, Iowa","7/1/2019 population estimate","11933"
"0500000US19039","Clarke County, Iowa","4/1/2010 Census population","9286"
"0500000US19039","Clarke County, Iowa","4/1/2010 population estimates base","9286"
"0500000US19039","Clarke County, Iowa","7/1/2010 population estimate","9320"
"0500000US19039","Clarke County, Iowa","7/1/2011 population estimate","9317"
"0500000US19039","Clarke County, Iowa","7/1/2012 population estimate","9341"
"0500000US19039","Clarke County, Iowa","7/1/2013 population estimate","9245"
"0500000US19039","Clarke County, Iowa","7/1/2014 population estimate","9196"
"0500000US19039","Clarke County, Iowa","7/1/2015 population estimate","9219"
"0500000US19039","Clarke County, Iowa","7/1/2016 population estimate","9288"
"0500000US19039","Clarke County, Iowa","7/1/2017 population estimate","9396"
"0500000US19039","Clarke County, Iowa","7/1/2018 population estimate","9502"
"0500000US19039","Clarke County, Iowa","7/1/2019 population estimate","9395"
"0500000US19041","Clay County, Iowa","4/1/2010 Census population","16667"
"0500000US19041","Clay County, Iowa","4/1/2010 population estimates base","16667"
"0500000US19041","Clay County, Iowa","7/1/2010 population estimate","16634"
"0500000US19041","Clay County, Iowa","7/1/2011 population estimate","16597"
"0500000US19041","Clay County, Iowa","7/1/2012 population estimate","16539"
"0500000US19041","Clay County, Iowa","7/1/2013 population estimate","16438"
"0500000US19041","Clay County, Iowa","7/1/2014 population estimate","16484"
"0500000US19041","Clay County, Iowa","7/1/2015 population estimate","16498"
"0500000US19041","Clay County, Iowa","7/1/2016 population estimate","16295"
"0500000US19041","Clay County, Iowa","7/1/2017 population estimate","16141"
"0500000US19041","Clay County, Iowa","7/1/2018 population estimate","16106"
"0500000US19041","Clay County, Iowa","7/1/2019 population estimate","16016"
"0500000US19043","Clayton County, Iowa","4/1/2010 Census population","18129"
"0500000US19043","Clayton County, Iowa","4/1/2010 population estimates base","18128"
"0500000US19043","Clayton County, Iowa","7/1/2010 population estimate","18080"
"0500000US19043","Clayton County, Iowa","7/1/2011 population estimate","18017"
"0500000US19043","Clayton County, Iowa","7/1/2012 population estimate","17946"
"0500000US19043","Clayton County, Iowa","7/1/2013 population estimate","17793"
"0500000US19043","Clayton County, Iowa","7/1/2014 population estimate","17768"
"0500000US19043","Clayton County, Iowa","7/1/2015 population estimate","17726"
"0500000US19043","Clayton County, Iowa","7/1/2016 population estimate","17661"
"0500000US19043","Clayton County, Iowa","7/1/2017 population estimate","17648"
"0500000US19043","Clayton County, Iowa","7/1/2018 population estimate","17540"
"0500000US19043","Clayton County, Iowa","7/1/2019 population estimate","17549"
"0500000US19045","Clinton County, Iowa","4/1/2010 Census population","49116"
"0500000US19045","Clinton County, Iowa","4/1/2010 population estimates base","49117"
"0500000US19045","Clinton County, Iowa","7/1/2010 population estimate","49096"
"0500000US19045","Clinton County, Iowa","7/1/2011 population estimate","49102"
"0500000US19045","Clinton County, Iowa","7/1/2012 population estimate","48701"
"0500000US19045","Clinton County, Iowa","7/1/2013 population estimate","48281"
"0500000US19045","Clinton County, Iowa","7/1/2014 population estimate","47895"
"0500000US19045","Clinton County, Iowa","7/1/2015 population estimate","47558"
"0500000US19045","Clinton County, Iowa","7/1/2016 population estimate","47248"
"0500000US19045","Clinton County, Iowa","7/1/2017 population estimate","46874"
"0500000US19045","Clinton County, Iowa","7/1/2018 population estimate","46437"
"0500000US19045","Clinton County, Iowa","7/1/2019 population estimate","46429"
"0500000US19047","Crawford County, Iowa","4/1/2010 Census population","17096"
"0500000US19047","Crawford County, Iowa","4/1/2010 population estimates base","17096"
"0500000US19047","Crawford County, Iowa","7/1/2010 population estimate","17170"
"0500000US19047","Crawford County, Iowa","7/1/2011 population estimate","17217"
"0500000US19047","Crawford County, Iowa","7/1/2012 population estimate","17299"
"0500000US19047","Crawford County, Iowa","7/1/2013 population estimate","17360"
"0500000US19047","Crawford County, Iowa","7/1/2014 population estimate","17168"
"0500000US19047","Crawford County, Iowa","7/1/2015 population estimate","17082"
"0500000US19047","Crawford County, Iowa","7/1/2016 population estimate","17103"
"0500000US19047","Crawford County, Iowa","7/1/2017 population estimate","17076"
"0500000US19047","Crawford County, Iowa","7/1/2018 population estimate","17089"
"0500000US19047","Crawford County, Iowa","7/1/2019 population estimate","16820"
"0500000US19049","Dallas County, Iowa","4/1/2010 Census population","66135"
"0500000US19049","Dallas County, Iowa","4/1/2010 population estimates base","66139"
"0500000US19049","Dallas County, Iowa","7/1/2010 population estimate","66750"
"0500000US19049","Dallas County, Iowa","7/1/2011 population estimate","69696"
"0500000US19049","Dallas County, Iowa","7/1/2012 population estimate","72235"
"0500000US19049","Dallas County, Iowa","7/1/2013 population estimate","74949"
"0500000US19049","Dallas County, Iowa","7/1/2014 population estimate","77739"
"0500000US19049","Dallas County, Iowa","7/1/2015 population estimate","80631"
"0500000US19049","Dallas County, Iowa","7/1/2016 population estimate","84248"
"0500000US19049","Dallas County, Iowa","7/1/2017 population estimate","87208"
"0500000US19049","Dallas County, Iowa","7/1/2018 population estimate","89953"
"0500000US19049","Dallas County, Iowa","7/1/2019 population estimate","93453"
"0500000US19051","Davis County, Iowa","4/1/2010 Census population","8753"
"0500000US19051","Davis County, Iowa","4/1/2010 population estimates base","8753"
"0500000US19051","Davis County, Iowa","7/1/2010 population estimate","8776"
"0500000US19051","Davis County, Iowa","7/1/2011 population estimate","8771"
"0500000US19051","Davis County, Iowa","7/1/2012 population estimate","8707"
"0500000US19051","Davis County, Iowa","7/1/2013 population estimate","8769"
"0500000US19051","Davis County, Iowa","7/1/2014 population estimate","8756"
"0500000US19051","Davis County, Iowa","7/1/2015 population estimate","8777"
"0500000US19051","Davis County, Iowa","7/1/2016 population estimate","8884"
"0500000US19051","Davis County, Iowa","7/1/2017 population estimate","8969"
"0500000US19051","Davis County, Iowa","7/1/2018 population estimate","8972"
"0500000US19051","Davis County, Iowa","7/1/2019 population estimate","9000"
"0500000US19053","Decatur County, Iowa","4/1/2010 Census population","8457"
"0500000US19053","Decatur County, Iowa","4/1/2010 population estimates base","8456"
"0500000US19053","Decatur County, Iowa","7/1/2010 population estimate","8418"
"0500000US19053","Decatur County, Iowa","7/1/2011 population estimate","8249"
"0500000US19053","Decatur County, Iowa","7/1/2012 population estimate","8239"
"0500000US19053","Decatur County, Iowa","7/1/2013 population estimate","8216"
"0500000US19053","Decatur County, Iowa","7/1/2014 population estimate","8209"
"0500000US19053","Decatur County, Iowa","7/1/2015 population estimate","8137"
"0500000US19053","Decatur County, Iowa","7/1/2016 population estimate","8053"
"0500000US19053","Decatur County, Iowa","7/1/2017 population estimate","7947"
"0500000US19053","Decatur County, Iowa","7/1/2018 population estimate","7890"
"0500000US19053","Decatur County, Iowa","7/1/2019 population estimate","7870"
"0500000US19055","Delaware County, Iowa","4/1/2010 Census population","17764"
"0500000US19055","Delaware County, Iowa","4/1/2010 population estimates base","17770"
"0500000US19055","Delaware County, Iowa","7/1/2010 population estimate","17764"
"0500000US19055","Delaware County, Iowa","7/1/2011 population estimate","17632"
"0500000US19055","Delaware County, Iowa","7/1/2012 population estimate","17567"
"0500000US19055","Delaware County, Iowa","7/1/2013 population estimate","17473"
"0500000US19055","Delaware County, Iowa","7/1/2014 population estimate","17395"
"0500000US19055","Delaware County, Iowa","7/1/2015 population estimate","17393"
"0500000US19055","Delaware County, Iowa","7/1/2016 population estimate","17288"
"0500000US19055","Delaware County, Iowa","7/1/2017 population estimate","17143"
"0500000US19055","Delaware County, Iowa","7/1/2018 population estimate","17081"
"0500000US19055","Delaware County, Iowa","7/1/2019 population estimate","17011"
"0500000US19057","Des Moines County, Iowa","4/1/2010 Census population","40325"
"0500000US19057","Des Moines County, Iowa","4/1/2010 population estimates base","40325"
"0500000US19057","Des Moines County, Iowa","7/1/2010 population estimate","40241"
"0500000US19057","Des Moines County, Iowa","7/1/2011 population estimate","40066"
"0500000US19057","Des Moines County, Iowa","7/1/2012 population estimate","40229"
"0500000US19057","Des Moines County, Iowa","7/1/2013 population estimate","40395"
"0500000US19057","Des Moines County, Iowa","7/1/2014 population estimate","40096"
"0500000US19057","Des Moines County, Iowa","7/1/2015 population estimate","39874"
"0500000US19057","Des Moines County, Iowa","7/1/2016 population estimate","39613"
"0500000US19057","Des Moines County, Iowa","7/1/2017 population estimate","39326"
"0500000US19057","Des Moines County, Iowa","7/1/2018 population estimate","39149"
"0500000US19057","Des Moines County, Iowa","7/1/2019 population estimate","38967"
"0500000US19059","Dickinson County, Iowa","4/1/2010 Census population","16667"
"0500000US19059","Dickinson County, Iowa","4/1/2010 population estimates base","16667"
"0500000US19059","Dickinson County, Iowa","7/1/2010 population estimate","16670"
"0500000US19059","Dickinson County, Iowa","7/1/2011 population estimate","16859"
"0500000US19059","Dickinson County, Iowa","7/1/2012 population estimate","16925"
"0500000US19059","Dickinson County, Iowa","7/1/2013 population estimate","16878"
"0500000US19059","Dickinson County, Iowa","7/1/2014 population estimate","16840"
"0500000US19059","Dickinson County, Iowa","7/1/2015 population estimate","17004"
"0500000US19059","Dickinson County, Iowa","7/1/2016 population estimate","17109"
"0500000US19059","Dickinson County, Iowa","7/1/2017 population estimate","17141"
"0500000US19059","Dickinson County, Iowa","7/1/2018 population estimate","17121"
"0500000US19059","Dickinson County, Iowa","7/1/2019 population estimate","17258"
"0500000US19061","Dubuque County, Iowa","4/1/2010 Census population","93653"
"0500000US19061","Dubuque County, Iowa","4/1/2010 population estimates base","93643"
"0500000US19061","Dubuque County, Iowa","7/1/2010 population estimate","93929"
"0500000US19061","Dubuque County, Iowa","7/1/2011 population estimate","94593"
"0500000US19061","Dubuque County, Iowa","7/1/2012 population estimate","95159"
"0500000US19061","Dubuque County, Iowa","7/1/2013 population estimate","95945"
"0500000US19061","Dubuque County, Iowa","7/1/2014 population estimate","96481"
"0500000US19061","Dubuque County, Iowa","7/1/2015 population estimate","96850"
"0500000US19061","Dubuque County, Iowa","7/1/2016 population estimate","96763"
"0500000US19061","Dubuque County, Iowa","7/1/2017 population estimate","97066"
"0500000US19061","Dubuque County, Iowa","7/1/2018 population estimate","96922"
"0500000US19061","Dubuque County, Iowa","7/1/2019 population estimate","97311"
"0500000US19063","Emmet County, Iowa","4/1/2010 Census population","10302"
"0500000US19063","Emmet County, Iowa","4/1/2010 population estimates base","10302"
"0500000US19063","Emmet County, Iowa","7/1/2010 population estimate","10276"
"0500000US19063","Emmet County, Iowa","7/1/2011 population estimate","10089"
"0500000US19063","Emmet County, Iowa","7/1/2012 population estimate","9944"
"0500000US19063","Emmet County, Iowa","7/1/2013 population estimate","9880"
"0500000US19063","Emmet County, Iowa","7/1/2014 population estimate","9821"
"0500000US19063","Emmet County, Iowa","7/1/2015 population estimate","9702"
"0500000US19063","Emmet County, Iowa","7/1/2016 population estimate","9581"
"0500000US19063","Emmet County, Iowa","7/1/2017 population estimate","9422"
"0500000US19063","Emmet County, Iowa","7/1/2018 population estimate","9277"
"0500000US19063","Emmet County, Iowa","7/1/2019 population estimate","9208"
"0500000US19065","Fayette County, Iowa","4/1/2010 Census population","20880"
"0500000US19065","Fayette County, Iowa","4/1/2010 population estimates base","20882"
"0500000US19065","Fayette County, Iowa","7/1/2010 population estimate","20860"
"0500000US19065","Fayette County, Iowa","7/1/2011 population estimate","20976"
"0500000US19065","Fayette County, Iowa","7/1/2012 population estimate","20774"
"0500000US19065","Fayette County, Iowa","7/1/2013 population estimate","20519"
"0500000US19065","Fayette County, Iowa","7/1/2014 population estimate","20290"
"0500000US19065","Fayette County, Iowa","7/1/2015 population estimate","20142"
"0500000US19065","Fayette County, Iowa","7/1/2016 population estimate","19858"
"0500000US19065","Fayette County, Iowa","7/1/2017 population estimate","19687"
"0500000US19065","Fayette County, Iowa","7/1/2018 population estimate","19679"
"0500000US19065","Fayette County, Iowa","7/1/2019 population estimate","19650"
"0500000US19067","Floyd County, Iowa","4/1/2010 Census population","16303"
"0500000US19067","Floyd County, Iowa","4/1/2010 population estimates base","16293"
"0500000US19067","Floyd County, Iowa","7/1/2010 population estimate","16309"
"0500000US19067","Floyd County, Iowa","7/1/2011 population estimate","16095"
"0500000US19067","Floyd County, Iowa","7/1/2012 population estimate","16087"
"0500000US19067","Floyd County, Iowa","7/1/2013 population estimate","16023"
"0500000US19067","Floyd County, Iowa","7/1/2014 population estimate","15999"
"0500000US19067","Floyd County, Iowa","7/1/2015 population estimate","15910"
"0500000US19067","Floyd County, Iowa","7/1/2016 population estimate","15857"
"0500000US19067","Floyd County, Iowa","7/1/2017 population estimate","15767"
"0500000US19067","Floyd County, Iowa","7/1/2018 population estimate","15752"
"0500000US19067","Floyd County, Iowa","7/1/2019 population estimate","15642"
"0500000US19069","Franklin County, Iowa","4/1/2010 Census population","10680"
"0500000US19069","Franklin County, Iowa","4/1/2010 population estimates base","10680"
"0500000US19069","Franklin County, Iowa","7/1/2010 population estimate","10706"
"0500000US19069","Franklin County, Iowa","7/1/2011 population estimate","10693"
"0500000US19069","Franklin County, Iowa","7/1/2012 population estimate","10509"
"0500000US19069","Franklin County, Iowa","7/1/2013 population estimate","10507"
"0500000US19069","Franklin County, Iowa","7/1/2014 population estimate","10433"
"0500000US19069","Franklin County, Iowa","7/1/2015 population estimate","10319"
"0500000US19069","Franklin County, Iowa","7/1/2016 population estimate","10177"
"0500000US19069","Franklin County, Iowa","7/1/2017 population estimate","10160"
"0500000US19069","Franklin County, Iowa","7/1/2018 population estimate","10085"
"0500000US19069","Franklin County, Iowa","7/1/2019 population estimate","10070"
"0500000US19071","Fremont County, Iowa","4/1/2010 Census population","7441"
"0500000US19071","Fremont County, Iowa","4/1/2010 population estimates base","7438"
"0500000US19071","Fremont County, Iowa","7/1/2010 population estimate","7434"
"0500000US19071","Fremont County, Iowa","7/1/2011 population estimate","7371"
"0500000US19071","Fremont County, Iowa","7/1/2012 population estimate","7141"
"0500000US19071","Fremont County, Iowa","7/1/2013 population estimate","7069"
"0500000US19071","Fremont County, Iowa","7/1/2014 population estimate","7030"
"0500000US19071","Fremont County, Iowa","7/1/2015 population estimate","6912"
"0500000US19071","Fremont County, Iowa","7/1/2016 population estimate","6947"
"0500000US19071","Fremont County, Iowa","7/1/2017 population estimate","6930"
"0500000US19071","Fremont County, Iowa","7/1/2018 population estimate","6981"
"0500000US19071","Fremont County, Iowa","7/1/2019 population estimate","6960"
"0500000US19073","Greene County, Iowa","4/1/2010 Census population","9336"
"0500000US19073","Greene County, Iowa","4/1/2010 population estimates base","9337"
"0500000US19073","Greene County, Iowa","7/1/2010 population estimate","9362"
"0500000US19073","Greene County, Iowa","7/1/2011 population estimate","9332"
"0500000US19073","Greene County, Iowa","7/1/2012 population estimate","9181"
"0500000US19073","Greene County, Iowa","7/1/2013 population estimate","9159"
"0500000US19073","Greene County, Iowa","7/1/2014 population estimate","9124"
"0500000US19073","Greene County, Iowa","7/1/2015 population estimate","8944"
"0500000US19073","Greene County, Iowa","7/1/2016 population estimate","9001"
"0500000US19073","Greene County, Iowa","7/1/2017 population estimate","8954"
"0500000US19073","Greene County, Iowa","7/1/2018 population estimate","8965"
"0500000US19073","Greene County, Iowa","7/1/2019 population estimate","8888"
"0500000US19075","Grundy County, Iowa","4/1/2010 Census population","12453"
"0500000US19075","Grundy County, Iowa","4/1/2010 population estimates base","12453"
"0500000US19075","Grundy County, Iowa","7/1/2010 population estimate","12463"
"0500000US19075","Grundy County, Iowa","7/1/2011 population estimate","12478"
"0500000US19075","Grundy County, Iowa","7/1/2012 population estimate","12437"
"0500000US19075","Grundy County, Iowa","7/1/2013 population estimate","12341"
"0500000US19075","Grundy County, Iowa","7/1/2014 population estimate","12390"
"0500000US19075","Grundy County, Iowa","7/1/2015 population estimate","12405"
"0500000US19075","Grundy County, Iowa","7/1/2016 population estimate","12286"
"0500000US19075","Grundy County, Iowa","7/1/2017 population estimate","12298"
"0500000US19075","Grundy County, Iowa","7/1/2018 population estimate","12272"
"0500000US19075","Grundy County, Iowa","7/1/2019 population estimate","12232"
"0500000US19077","Guthrie County, Iowa","4/1/2010 Census population","10954"
"0500000US19077","Guthrie County, Iowa","4/1/2010 population estimates base","10955"
"0500000US19077","Guthrie County, Iowa","7/1/2010 population estimate","10937"
"0500000US19077","Guthrie County, Iowa","7/1/2011 population estimate","10859"
"0500000US19077","Guthrie County, Iowa","7/1/2012 population estimate","10762"
"0500000US19077","Guthrie County, Iowa","7/1/2013 population estimate","10671"
"0500000US19077","Guthrie County, Iowa","7/1/2014 population estimate","10686"
"0500000US19077","Guthrie County, Iowa","7/1/2015 population estimate","10649"
"0500000US19077","Guthrie County, Iowa","7/1/2016 population estimate","10642"
"0500000US19077","Guthrie County, Iowa","7/1/2017 population estimate","10645"
"0500000US19077","Guthrie County, Iowa","7/1/2018 population estimate","10720"
"0500000US19077","Guthrie County, Iowa","7/1/2019 population estimate","10689"
"0500000US19079","Hamilton County, Iowa","4/1/2010 Census population","15673"
"0500000US19079","Hamilton County, Iowa","4/1/2010 population estimates base","15675"
"0500000US19079","Hamilton County, Iowa","7/1/2010 population estimate","15633"
"0500000US19079","Hamilton County, Iowa","7/1/2011 population estimate","15467"
"0500000US19079","Hamilton County, Iowa","7/1/2012 population estimate","15321"
"0500000US19079","Hamilton County, Iowa","7/1/2013 population estimate","15343"
"0500000US19079","Hamilton County, Iowa","7/1/2014 population estimate","15217"
"0500000US19079","Hamilton County, Iowa","7/1/2015 population estimate","15218"
"0500000US19079","Hamilton County, Iowa","7/1/2016 population estimate","15075"
"0500000US19079","Hamilton County, Iowa","7/1/2017 population estimate","15032"
"0500000US19079","Hamilton County, Iowa","7/1/2018 population estimate","14886"
"0500000US19079","Hamilton County, Iowa","7/1/2019 population estimate","14773"
"0500000US19081","Hancock County, Iowa","4/1/2010 Census population","11341"
"0500000US19081","Hancock County, Iowa","4/1/2010 population estimates base","11338"
"0500000US19081","Hancock County, Iowa","7/1/2010 population estimate","11297"
"0500000US19081","Hancock County, Iowa","7/1/2011 population estimate","11292"
"0500000US19081","Hancock County, Iowa","7/1/2012 population estimate","11175"
"0500000US19081","Hancock County, Iowa","7/1/2013 population estimate","11131"
"0500000US19081","Hancock County, Iowa","7/1/2014 population estimate","11040"
"0500000US19081","Hancock County, Iowa","7/1/2015 population estimate","11028"
"0500000US19081","Hancock County, Iowa","7/1/2016 population estimate","10887"
"0500000US19081","Hancock County, Iowa","7/1/2017 population estimate","10756"
"0500000US19081","Hancock County, Iowa","7/1/2018 population estimate","10710"
"0500000US19081","Hancock County, Iowa","7/1/2019 population estimate","10630"
"0500000US19083","Hardin County, Iowa","4/1/2010 Census population","17534"
"0500000US19083","Hardin County, Iowa","4/1/2010 population estimates base","17534"
"0500000US19083","Hardin County, Iowa","7/1/2010 population estimate","17543"
"0500000US19083","Hardin County, Iowa","7/1/2011 population estimate","17375"
"0500000US19083","Hardin County, Iowa","7/1/2012 population estimate","17359"
"0500000US19083","Hardin County, Iowa","7/1/2013 population estimate","17388"
"0500000US19083","Hardin County, Iowa","7/1/2014 population estimate","17332"
"0500000US19083","Hardin County, Iowa","7/1/2015 population estimate","17253"
"0500000US19083","Hardin County, Iowa","7/1/2016 population estimate","17196"
"0500000US19083","Hardin County, Iowa","7/1/2017 population estimate","17073"
"0500000US19083","Hardin County, Iowa","7/1/2018 population estimate","16937"
"0500000US19083","Hardin County, Iowa","7/1/2019 population estimate","16846"
"0500000US19085","Harrison County, Iowa","4/1/2010 Census population","14928"
"0500000US19085","Harrison County, Iowa","4/1/2010 population estimates base","14937"
"0500000US19085","Harrison County, Iowa","7/1/2010 population estimate","14909"
"0500000US19085","Harrison County, Iowa","7/1/2011 population estimate","14764"
"0500000US19085","Harrison County, Iowa","7/1/2012 population estimate","14475"
"0500000US19085","Harrison County, Iowa","7/1/2013 population estimate","14357"
"0500000US19085","Harrison County, Iowa","7/1/2014 population estimate","14265"
"0500000US19085","Harrison County, Iowa","7/1/2015 population estimate","14139"
"0500000US19085","Harrison County, Iowa","7/1/2016 population estimate","14046"
"0500000US19085","Harrison County, Iowa","7/1/2017 population estimate","14107"
"0500000US19085","Harrison County, Iowa","7/1/2018 population estimate","14105"
"0500000US19085","Harrison County, Iowa","7/1/2019 population estimate","14049"
"0500000US19087","Henry County, Iowa","4/1/2010 Census population","20145"
"0500000US19087","Henry County, Iowa","4/1/2010 population estimates base","20145"
"0500000US19087","Henry County, Iowa","7/1/2010 population estimate","20106"
"0500000US19087","Henry County, Iowa","7/1/2011 population estimate","20243"
"0500000US19087","Henry County, Iowa","7/1/2012 population estimate","19992"
"0500000US19087","Henry County, Iowa","7/1/2013 population estimate","20021"
"0500000US19087","Henry County, Iowa","7/1/2014 population estimate","19834"
"0500000US19087","Henry County, Iowa","7/1/2015 population estimate","19843"
"0500000US19087","Henry County, Iowa","7/1/2016 population estimate","19833"
"0500000US19087","Henry County, Iowa","7/1/2017 population estimate","20044"
"0500000US19087","Henry County, Iowa","7/1/2018 population estimate","20033"
"0500000US19087","Henry County, Iowa","7/1/2019 population estimate","19954"
"0500000US19089","Howard County, Iowa","4/1/2010 Census population","9566"
"0500000US19089","Howard County, Iowa","4/1/2010 population estimates base","9564"
"0500000US19089","Howard County, Iowa","7/1/2010 population estimate","9568"
"0500000US19089","Howard County, Iowa","7/1/2011 population estimate","9546"
"0500000US19089","Howard County, Iowa","7/1/2012 population estimate","9548"
"0500000US19089","Howard County, Iowa","7/1/2013 population estimate","9439"
"0500000US19089","Howard County, Iowa","7/1/2014 population estimate","9353"
"0500000US19089","Howard County, Iowa","7/1/2015 population estimate","9313"
"0500000US19089","Howard County, Iowa","7/1/2016 population estimate","9257"
"0500000US19089","Howard County, Iowa","7/1/2017 population estimate","9229"
"0500000US19089","Howard County, Iowa","7/1/2018 population estimate","9172"
"0500000US19089","Howard County, Iowa","7/1/2019 population estimate","9158"
"0500000US19091","Humboldt County, Iowa","4/1/2010 Census population","9815"
"0500000US19091","Humboldt County, Iowa","4/1/2010 population estimates base","9814"
"0500000US19091","Humboldt County, Iowa","7/1/2010 population estimate","9792"
"0500000US19091","Humboldt County, Iowa","7/1/2011 population estimate","9782"
"0500000US19091","Humboldt County, Iowa","7/1/2012 population estimate","9723"
"0500000US19091","Humboldt County, Iowa","7/1/2013 population estimate","9677"
"0500000US19091","Humboldt County, Iowa","7/1/2014 population estimate","9636"
"0500000US19091","Humboldt County, Iowa","7/1/2015 population estimate","9556"
"0500000US19091","Humboldt County, Iowa","7/1/2016 population estimate","9530"
"0500000US19091","Humboldt County, Iowa","7/1/2017 population estimate","9569"
"0500000US19091","Humboldt County, Iowa","7/1/2018 population estimate","9559"
"0500000US19091","Humboldt County, Iowa","7/1/2019 population estimate","9558"
"0500000US19093","Ida County, Iowa","4/1/2010 Census population","7089"
"0500000US19093","Ida County, Iowa","4/1/2010 population estimates base","7089"
"0500000US19093","Ida County, Iowa","7/1/2010 population estimate","7066"
"0500000US19093","Ida County, Iowa","7/1/2011 population estimate","7046"
"0500000US19093","Ida County, Iowa","7/1/2012 population estimate","7044"
"0500000US19093","Ida County, Iowa","7/1/2013 population estimate","7074"
"0500000US19093","Ida County, Iowa","7/1/2014 population estimate","6971"
"0500000US19093","Ida County, Iowa","7/1/2015 population estimate","6968"
"0500000US19093","Ida County, Iowa","7/1/2016 population estimate","6961"
"0500000US19093","Ida County, Iowa","7/1/2017 population estimate","6869"
"0500000US19093","Ida County, Iowa","7/1/2018 population estimate","6846"
"0500000US19093","Ida County, Iowa","7/1/2019 population estimate","6860"
"0500000US19095","Iowa County, Iowa","4/1/2010 Census population","16355"
"0500000US19095","Iowa County, Iowa","4/1/2010 population estimates base","16356"
"0500000US19095","Iowa County, Iowa","7/1/2010 population estimate","16335"
"0500000US19095","Iowa County, Iowa","7/1/2011 population estimate","16323"
"0500000US19095","Iowa County, Iowa","7/1/2012 population estimate","16180"
"0500000US19095","Iowa County, Iowa","7/1/2013 population estimate","16281"
"0500000US19095","Iowa County, Iowa","7/1/2014 population estimate","16317"
"0500000US19095","Iowa County, Iowa","7/1/2015 population estimate","16282"
"0500000US19095","Iowa County, Iowa","7/1/2016 population estimate","16192"
"0500000US19095","Iowa County, Iowa","7/1/2017 population estimate","16133"
"0500000US19095","Iowa County, Iowa","7/1/2018 population estimate","16155"
"0500000US19095","Iowa County, Iowa","7/1/2019 population estimate","16184"
"0500000US19097","Jackson County, Iowa","4/1/2010 Census population","19848"
"0500000US19097","Jackson County, Iowa","4/1/2010 population estimates base","19853"
"0500000US19097","Jackson County, Iowa","7/1/2010 population estimate","19830"
"0500000US19097","Jackson County, Iowa","7/1/2011 population estimate","19734"
"0500000US19097","Jackson County, Iowa","7/1/2012 population estimate","19685"
"0500000US19097","Jackson County, Iowa","7/1/2013 population estimate","19517"
"0500000US19097","Jackson County, Iowa","7/1/2014 population estimate","19431"
"0500000US19097","Jackson County, Iowa","7/1/2015 population estimate","19366"
"0500000US19097","Jackson County, Iowa","7/1/2016 population estimate","19393"
"0500000US19097","Jackson County, Iowa","7/1/2017 population estimate","19382"
"0500000US19097","Jackson County, Iowa","7/1/2018 population estimate","19427"
"0500000US19097","Jackson County, Iowa","7/1/2019 population estimate","19439"
"0500000US19099","Jasper County, Iowa","4/1/2010 Census population","36842"
"0500000US19099","Jasper County, Iowa","4/1/2010 population estimates base","36842"
"0500000US19099","Jasper County, Iowa","7/1/2010 population estimate","36812"
"0500000US19099","Jasper County, Iowa","7/1/2011 population estimate","36622"
"0500000US19099","Jasper County, Iowa","7/1/2012 population estimate","36574"
"0500000US19099","Jasper County, Iowa","7/1/2013 population estimate","36728"
"0500000US19099","Jasper County, Iowa","7/1/2014 population estimate","36886"
"0500000US19099","Jasper County, Iowa","7/1/2015 population estimate","36750"
"0500000US19099","Jasper County, Iowa","7/1/2016 population estimate","36736"
"0500000US19099","Jasper County, Iowa","7/1/2017 population estimate","36995"
"0500000US19099","Jasper County, Iowa","7/1/2018 population estimate","37189"
"0500000US19099","Jasper County, Iowa","7/1/2019 population estimate","37185"
"0500000US19101","Jefferson County, Iowa","4/1/2010 Census population","16843"
"0500000US19101","Jefferson County, Iowa","4/1/2010 population estimates base","16840"
"0500000US19101","Jefferson County, Iowa","7/1/2010 population estimate","16837"
"0500000US19101","Jefferson County, Iowa","7/1/2011 population estimate","17096"
"0500000US19101","Jefferson County, Iowa","7/1/2012 population estimate","17278"
"0500000US19101","Jefferson County, Iowa","7/1/2013 population estimate","17629"
"0500000US19101","Jefferson County, Iowa","7/1/2014 population estimate","17793"
"0500000US19101","Jefferson County, Iowa","7/1/2015 population estimate","17906"
"0500000US19101","Jefferson County, Iowa","7/1/2016 population estimate","18063"
"0500000US19101","Jefferson County, Iowa","7/1/2017 population estimate","18219"
"0500000US19101","Jefferson County, Iowa","7/1/2018 population estimate","18256"
"0500000US19101","Jefferson County, Iowa","7/1/2019 population estimate","18295"
"0500000US19103","Johnson County, Iowa","4/1/2010 Census population","130882"
"0500000US19103","Johnson County, Iowa","4/1/2010 population estimates base","130882"
"0500000US19103","Johnson County, Iowa","7/1/2010 population estimate","131337"
"0500000US19103","Johnson County, Iowa","7/1/2011 population estimate","134086"
"0500000US19103","Johnson County, Iowa","7/1/2012 population estimate","137103"
"0500000US19103","Johnson County, Iowa","7/1/2013 population estimate","140151"
"0500000US19103","Johnson County, Iowa","7/1/2014 population estimate","142730"
"0500000US19103","Johnson County, Iowa","7/1/2015 population estimate","144943"
"0500000US19103","Johnson County, Iowa","7/1/2016 population estimate","146928"
"0500000US19103","Johnson County, Iowa","7/1/2017 population estimate","149325"
"0500000US19103","Johnson County, Iowa","7/1/2018 population estimate","150549"
"0500000US19103","Johnson County, Iowa","7/1/2019 population estimate","151140"
"0500000US19105","Jones County, Iowa","4/1/2010 Census population","20638"
"0500000US19105","Jones County, Iowa","4/1/2010 population estimates base","20636"
"0500000US19105","Jones County, Iowa","7/1/2010 population estimate","20689"
"0500000US19105","Jones County, Iowa","7/1/2011 population estimate","20743"
"0500000US19105","Jones County, Iowa","7/1/2012 population estimate","20601"
"0500000US19105","Jones County, Iowa","7/1/2013 population estimate","20519"
"0500000US19105","Jones County, Iowa","7/1/2014 population estimate","20548"
"0500000US19105","Jones County, Iowa","7/1/2015 population estimate","20433"
"0500000US19105","Jones County, Iowa","7/1/2016 population estimate","20392"
"0500000US19105","Jones County, Iowa","7/1/2017 population estimate","20618"
"0500000US19105","Jones County, Iowa","7/1/2018 population estimate","20673"
"0500000US19105","Jones County, Iowa","7/1/2019 population estimate","20681"
"0500000US19107","Keokuk County, Iowa","4/1/2010 Census population","10511"
"0500000US19107","Keokuk County, Iowa","4/1/2010 population estimates base","10510"
"0500000US19107","Keokuk County, Iowa","7/1/2010 population estimate","10508"
"0500000US19107","Keokuk County, Iowa","7/1/2011 population estimate","10398"
"0500000US19107","Keokuk County, Iowa","7/1/2012 population estimate","10427"
"0500000US19107","Keokuk County, Iowa","7/1/2013 population estimate","10337"
"0500000US19107","Keokuk County, Iowa","7/1/2014 population estimate","10283"
"0500000US19107","Keokuk County, Iowa","7/1/2015 population estimate","10171"
"0500000US19107","Keokuk County, Iowa","7/1/2016 population estimate","10170"
"0500000US19107","Keokuk County, Iowa","7/1/2017 population estimate","10141"
"0500000US19107","Keokuk County, Iowa","7/1/2018 population estimate","10213"
"0500000US19107","Keokuk County, Iowa","7/1/2019 population estimate","10246"
"0500000US19109","Kossuth County, Iowa","4/1/2010 Census population","15543"
"0500000US19109","Kossuth County, Iowa","4/1/2010 population estimates base","15545"
"0500000US19109","Kossuth County, Iowa","7/1/2010 population estimate","15525"
"0500000US19109","Kossuth County, Iowa","7/1/2011 population estimate","15400"
"0500000US19109","Kossuth County, Iowa","7/1/2012 population estimate","15413"
"0500000US19109","Kossuth County, Iowa","7/1/2013 population estimate","15332"
"0500000US19109","Kossuth County, Iowa","7/1/2014 population estimate","15229"
"0500000US19109","Kossuth County, Iowa","7/1/2015 population estimate","15158"
"0500000US19109","Kossuth County, Iowa","7/1/2016 population estimate","15104"
"0500000US19109","Kossuth County, Iowa","7/1/2017 population estimate","14939"
"0500000US19109","Kossuth County, Iowa","7/1/2018 population estimate","14878"
"0500000US19109","Kossuth County, Iowa","7/1/2019 population estimate","14813"
"0500000US19111","Lee County, Iowa","4/1/2010 Census population","35862"
"0500000US19111","Lee County, Iowa","4/1/2010 population estimates base","35862"
"0500000US19111","Lee County, Iowa","7/1/2010 population estimate","35849"
"0500000US19111","Lee County, Iowa","7/1/2011 population estimate","35569"
"0500000US19111","Lee County, Iowa","7/1/2012 population estimate","35541"
"0500000US19111","Lee County, Iowa","7/1/2013 population estimate","35236"
"0500000US19111","Lee County, Iowa","7/1/2014 population estimate","35059"
"0500000US19111","Lee County, Iowa","7/1/2015 population estimate","34894"
"0500000US19111","Lee County, Iowa","7/1/2016 population estimate","34458"
"0500000US19111","Lee County, Iowa","7/1/2017 population estimate","34216"
"0500000US19111","Lee County, Iowa","7/1/2018 population estimate","33909"
"0500000US19111","Lee County, Iowa","7/1/2019 population estimate","33657"
"0500000US19113","Linn County, Iowa","4/1/2010 Census population","211226"
"0500000US19113","Linn County, Iowa","4/1/2010 population estimates base","211243"
"0500000US19113","Linn County, Iowa","7/1/2010 population estimate","211705"
"0500000US19113","Linn County, Iowa","7/1/2011 population estimate","214207"
"0500000US19113","Linn County, Iowa","7/1/2012 population estimate","215485"
"0500000US19113","Linn County, Iowa","7/1/2013 population estimate","216488"
"0500000US19113","Linn County, Iowa","7/1/2014 population estimate","218129"
"0500000US19113","Linn County, Iowa","7/1/2015 population estimate","220271"
"0500000US19113","Linn County, Iowa","7/1/2016 population estimate","222188"
"0500000US19113","Linn County, Iowa","7/1/2017 population estimate","224379"
"0500000US19113","Linn County, Iowa","7/1/2018 population estimate","225763"
"0500000US19113","Linn County, Iowa","7/1/2019 population estimate","226706"
"0500000US19115","Louisa County, Iowa","4/1/2010 Census population","11387"
"0500000US19115","Louisa County, Iowa","4/1/2010 population estimates base","11387"
"0500000US19115","Louisa County, Iowa","7/1/2010 population estimate","11382"
"0500000US19115","Louisa County, Iowa","7/1/2011 population estimate","11381"
"0500000US19115","Louisa County, Iowa","7/1/2012 population estimate","11360"
"0500000US19115","Louisa County, Iowa","7/1/2013 population estimate","11348"
"0500000US19115","Louisa County, Iowa","7/1/2014 population estimate","11250"
"0500000US19115","Louisa County, Iowa","7/1/2015 population estimate","11285"
"0500000US19115","Louisa County, Iowa","7/1/2016 population estimate","11221"
"0500000US19115","Louisa County, Iowa","7/1/2017 population estimate","11195"
"0500000US19115","Louisa County, Iowa","7/1/2018 population estimate","11153"
"0500000US19115","Louisa County, Iowa","7/1/2019 population estimate","11035"
"0500000US19117","Lucas County, Iowa","4/1/2010 Census population","8898"
"0500000US19117","Lucas County, Iowa","4/1/2010 population estimates base","8900"
"0500000US19117","Lucas County, Iowa","7/1/2010 population estimate","8898"
"0500000US19117","Lucas County, Iowa","7/1/2011 population estimate","8880"
"0500000US19117","Lucas County, Iowa","7/1/2012 population estimate","8778"
"0500000US19117","Lucas County, Iowa","7/1/2013 population estimate","8697"
"0500000US19117","Lucas County, Iowa","7/1/2014 population estimate","8636"
"0500000US19117","Lucas County, Iowa","7/1/2015 population estimate","8610"
"0500000US19117","Lucas County, Iowa","7/1/2016 population estimate","8555"
"0500000US19117","Lucas County, Iowa","7/1/2017 population estimate","8533"
"0500000US19117","Lucas County, Iowa","7/1/2018 population estimate","8617"
"0500000US19117","Lucas County, Iowa","7/1/2019 population estimate","8600"
"0500000US19119","Lyon County, Iowa","4/1/2010 Census population","11581"
"0500000US19119","Lyon County, Iowa","4/1/2010 population estimates base","11581"
"0500000US19119","Lyon County, Iowa","7/1/2010 population estimate","11567"
"0500000US19119","Lyon County, Iowa","7/1/2011 population estimate","11692"
"0500000US19119","Lyon County, Iowa","7/1/2012 population estimate","11757"
"0500000US19119","Lyon County, Iowa","7/1/2013 population estimate","11695"
"0500000US19119","Lyon County, Iowa","7/1/2014 population estimate","11703"
"0500000US19119","Lyon County, Iowa","7/1/2015 population estimate","11747"
"0500000US19119","Lyon County, Iowa","7/1/2016 population estimate","11780"
"0500000US19119","Lyon County, Iowa","7/1/2017 population estimate","11785"
"0500000US19119","Lyon County, Iowa","7/1/2018 population estimate","11815"
"0500000US19119","Lyon County, Iowa","7/1/2019 population estimate","11755"
"0500000US19121","Madison County, Iowa","4/1/2010 Census population","15679"
"0500000US19121","Madison County, Iowa","4/1/2010 population estimates base","15681"
"0500000US19121","Madison County, Iowa","7/1/2010 population estimate","15739"
"0500000US19121","Madison County, Iowa","7/1/2011 population estimate","15740"
"0500000US19121","Madison County, Iowa","7/1/2012 population estimate","15641"
"0500000US19121","Madison County, Iowa","7/1/2013 population estimate","15483"
"0500000US19121","Madison County, Iowa","7/1/2014 population estimate","15616"
"0500000US19121","Madison County, Iowa","7/1/2015 population estimate","15720"
"0500000US19121","Madison County, Iowa","7/1/2016 population estimate","15796"
"0500000US19121","Madison County, Iowa","7/1/2017 population estimate","16000"
"0500000US19121","Madison County, Iowa","7/1/2018 population estimate","16206"
"0500000US19121","Madison County, Iowa","7/1/2019 population estimate","16338"
"0500000US19123","Mahaska County, Iowa","4/1/2010 Census population","22381"
"0500000US19123","Mahaska County, Iowa","4/1/2010 population estimates base","22382"
"0500000US19123","Mahaska County, Iowa","7/1/2010 population estimate","22408"
"0500000US19123","Mahaska County, Iowa","7/1/2011 population estimate","22501"
"0500000US19123","Mahaska County, Iowa","7/1/2012 population estimate","22398"
"0500000US19123","Mahaska County, Iowa","7/1/2013 population estimate","22421"
"0500000US19123","Mahaska County, Iowa","7/1/2014 population estimate","22363"
"0500000US19123","Mahaska County, Iowa","7/1/2015 population estimate","22312"
"0500000US19123","Mahaska County, Iowa","7/1/2016 population estimate","22186"
"0500000US19123","Mahaska County, Iowa","7/1/2017 population estimate","22211"
"0500000US19123","Mahaska County, Iowa","7/1/2018 population estimate","22018"
"0500000US19123","Mahaska County, Iowa","7/1/2019 population estimate","22095"
"0500000US19125","Marion County, Iowa","4/1/2010 Census population","33309"
"0500000US19125","Marion County, Iowa","4/1/2010 population estimates base","33307"
"0500000US19125","Marion County, Iowa","7/1/2010 population estimate","33225"
"0500000US19125","Marion County, Iowa","7/1/2011 population estimate","33270"
"0500000US19125","Marion County, Iowa","7/1/2012 population estimate","33274"
"0500000US19125","Marion County, Iowa","7/1/2013 population estimate","33014"
"0500000US19125","Marion County, Iowa","7/1/2014 population estimate","33269"
"0500000US19125","Marion County, Iowa","7/1/2015 population estimate","33109"
"0500000US19125","Marion County, Iowa","7/1/2016 population estimate","33146"
"0500000US19125","Marion County, Iowa","7/1/2017 population estimate","33091"
"0500000US19125","Marion County, Iowa","7/1/2018 population estimate","33259"
"0500000US19125","Marion County, Iowa","7/1/2019 population estimate","33253"
"0500000US19127","Marshall County, Iowa","4/1/2010 Census population","40648"
"0500000US19127","Marshall County, Iowa","4/1/2010 population estimates base","40648"
"0500000US19127","Marshall County, Iowa","7/1/2010 population estimate","40722"
"0500000US19127","Marshall County, Iowa","7/1/2011 population estimate","41013"
"0500000US19127","Marshall County, Iowa","7/1/2012 population estimate","41032"
"0500000US19127","Marshall County, Iowa","7/1/2013 population estimate","40995"
"0500000US19127","Marshall County, Iowa","7/1/2014 population estimate","40722"
"0500000US19127","Marshall County, Iowa","7/1/2015 population estimate","40352"
"0500000US19127","Marshall County, Iowa","7/1/2016 population estimate","40135"
"0500000US19127","Marshall County, Iowa","7/1/2017 population estimate","40078"
"0500000US19127","Marshall County, Iowa","7/1/2018 population estimate","39888"
"0500000US19127","Marshall County, Iowa","7/1/2019 population estimate","39369"
"0500000US19129","Mills County, Iowa","4/1/2010 Census population","15059"
"0500000US19129","Mills County, Iowa","4/1/2010 population estimates base","15059"
"0500000US19129","Mills County, Iowa","7/1/2010 population estimate","15076"
"0500000US19129","Mills County, Iowa","7/1/2011 population estimate","15029"
"0500000US19129","Mills County, Iowa","7/1/2012 population estimate","14873"
"0500000US19129","Mills County, Iowa","7/1/2013 population estimate","14905"
"0500000US19129","Mills County, Iowa","7/1/2014 population estimate","14760"
"0500000US19129","Mills County, Iowa","7/1/2015 population estimate","14882"
"0500000US19129","Mills County, Iowa","7/1/2016 population estimate","15053"
"0500000US19129","Mills County, Iowa","7/1/2017 population estimate","15060"
"0500000US19129","Mills County, Iowa","7/1/2018 population estimate","15068"
"0500000US19129","Mills County, Iowa","7/1/2019 population estimate","15109"
"0500000US19131","Mitchell County, Iowa","4/1/2010 Census population","10776"
"0500000US19131","Mitchell County, Iowa","4/1/2010 population estimates base","10776"
"0500000US19131","Mitchell County, Iowa","7/1/2010 population estimate","10793"
"0500000US19131","Mitchell County, Iowa","7/1/2011 population estimate","10709"
"0500000US19131","Mitchell County, Iowa","7/1/2012 population estimate","10716"
"0500000US19131","Mitchell County, Iowa","7/1/2013 population estimate","10669"
"0500000US19131","Mitchell County, Iowa","7/1/2014 population estimate","10700"
"0500000US19131","Mitchell County, Iowa","7/1/2015 population estimate","10676"
"0500000US19131","Mitchell County, Iowa","7/1/2016 population estimate","10644"
"0500000US19131","Mitchell County, Iowa","7/1/2017 population estimate","10563"
"0500000US19131","Mitchell County, Iowa","7/1/2018 population estimate","10571"
"0500000US19131","Mitchell County, Iowa","7/1/2019 population estimate","10586"
"0500000US19133","Monona County, Iowa","4/1/2010 Census population","9243"
"0500000US19133","Monona County, Iowa","4/1/2010 population estimates base","9242"
"0500000US19133","Monona County, Iowa","7/1/2010 population estimate","9248"
"0500000US19133","Monona County, Iowa","7/1/2011 population estimate","9238"
"0500000US19133","Monona County, Iowa","7/1/2012 population estimate","9091"
"0500000US19133","Monona County, Iowa","7/1/2013 population estimate","9032"
"0500000US19133","Monona County, Iowa","7/1/2014 population estimate","8899"
"0500000US19133","Monona County, Iowa","7/1/2015 population estimate","8866"
"0500000US19133","Monona County, Iowa","7/1/2016 population estimate","8786"
"0500000US19133","Monona County, Iowa","7/1/2017 population estimate","8724"
"0500000US19133","Monona County, Iowa","7/1/2018 population estimate","8659"
"0500000US19133","Monona County, Iowa","7/1/2019 population estimate","8615"
"0500000US19135","Monroe County, Iowa","4/1/2010 Census population","7970"
"0500000US19135","Monroe County, Iowa","4/1/2010 population estimates base","7972"
"0500000US19135","Monroe County, Iowa","7/1/2010 population estimate","7997"
"0500000US19135","Monroe County, Iowa","7/1/2011 population estimate","8060"
"0500000US19135","Monroe County, Iowa","7/1/2012 population estimate","8073"
"0500000US19135","Monroe County, Iowa","7/1/2013 population estimate","7979"
"0500000US19135","Monroe County, Iowa","7/1/2014 population estimate","7958"
"0500000US19135","Monroe County, Iowa","7/1/2015 population estimate","7924"
"0500000US19135","Monroe County, Iowa","7/1/2016 population estimate","7836"
"0500000US19135","Monroe County, Iowa","7/1/2017 population estimate","7798"
"0500000US19135","Monroe County, Iowa","7/1/2018 population estimate","7768"
"0500000US19135","Monroe County, Iowa","7/1/2019 population estimate","7707"
"0500000US19137","Montgomery County, Iowa","4/1/2010 Census population","10740"
"0500000US19137","Montgomery County, Iowa","4/1/2010 population estimates base","10740"
"0500000US19137","Montgomery County, Iowa","7/1/2010 population estimate","10690"
"0500000US19137","Montgomery County, Iowa","7/1/2011 population estimate","10632"
"0500000US19137","Montgomery County, Iowa","7/1/2012 population estimate","10540"
"0500000US19137","Montgomery County, Iowa","7/1/2013 population estimate","10404"
"0500000US19137","Montgomery County, Iowa","7/1/2014 population estimate","10384"
"0500000US19137","Montgomery County, Iowa","7/1/2015 population estimate","10149"
"0500000US19137","Montgomery County, Iowa","7/1/2016 population estimate","10124"
"0500000US19137","Montgomery County, Iowa","7/1/2017 population estimate","10112"
"0500000US19137","Montgomery County, Iowa","7/1/2018 population estimate","9961"
"0500000US19137","Montgomery County, Iowa","7/1/2019 population estimate","9917"
"0500000US19139","Muscatine County, Iowa","4/1/2010 Census population","42745"
"0500000US19139","Muscatine County, Iowa","4/1/2010 population estimates base","42803"
"0500000US19139","Muscatine County, Iowa","7/1/2010 population estimate","42803"
"0500000US19139","Muscatine County, Iowa","7/1/2011 population estimate","42842"
"0500000US19139","Muscatine County, Iowa","7/1/2012 population estimate","42916"
"0500000US19139","Muscatine County, Iowa","7/1/2013 population estimate","43010"
"0500000US19139","Muscatine County, Iowa","7/1/2014 population estimate","43028"
"0500000US19139","Muscatine County, Iowa","7/1/2015 population estimate","43068"
"0500000US19139","Muscatine County, Iowa","7/1/2016 population estimate","42968"
"0500000US19139","Muscatine County, Iowa","7/1/2017 population estimate","42872"
"0500000US19139","Muscatine County, Iowa","7/1/2018 population estimate","42874"
"0500000US19139","Muscatine County, Iowa","7/1/2019 population estimate","42664"
"0500000US19141","O'Brien County, Iowa","4/1/2010 Census population","14398"
"0500000US19141","O'Brien County, Iowa","4/1/2010 population estimates base","14398"
"0500000US19141","O'Brien County, Iowa","7/1/2010 population estimate","14408"
"0500000US19141","O'Brien County, Iowa","7/1/2011 population estimate","14218"
"0500000US19141","O'Brien County, Iowa","7/1/2012 population estimate","14156"
"0500000US19141","O'Brien County, Iowa","7/1/2013 population estimate","14045"
"0500000US19141","O'Brien County, Iowa","7/1/2014 population estimate","14042"
"0500000US19141","O'Brien County, Iowa","7/1/2015 population estimate","13926"
"0500000US19141","O'Brien County, Iowa","7/1/2016 population estimate","13926"
"0500000US19141","O'Brien County, Iowa","7/1/2017 population estimate","13774"
"0500000US19141","O'Brien County, Iowa","7/1/2018 population estimate","13798"
"0500000US19141","O'Brien County, Iowa","7/1/2019 population estimate","13753"
"0500000US19143","Osceola County, Iowa","4/1/2010 Census population","6462"
"0500000US19143","Osceola County, Iowa","4/1/2010 population estimates base","6462"
"0500000US19143","Osceola County, Iowa","7/1/2010 population estimate","6459"
"0500000US19143","Osceola County, Iowa","7/1/2011 population estimate","6316"
"0500000US19143","Osceola County, Iowa","7/1/2012 population estimate","6204"
"0500000US19143","Osceola County, Iowa","7/1/2013 population estimate","6236"
"0500000US19143","Osceola County, Iowa","7/1/2014 population estimate","6231"
"0500000US19143","Osceola County, Iowa","7/1/2015 population estimate","6160"
"0500000US19143","Osceola County, Iowa","7/1/2016 population estimate","6095"
"0500000US19143","Osceola County, Iowa","7/1/2017 population estimate","6021"
"0500000US19143","Osceola County, Iowa","7/1/2018 population estimate","6028"
"0500000US19143","Osceola County, Iowa","7/1/2019 population estimate","5958"
"0500000US19145","Page County, Iowa","4/1/2010 Census population","15932"
"0500000US19145","Page County, Iowa","4/1/2010 population estimates base","15946"
"0500000US19145","Page County, Iowa","7/1/2010 population estimate","15921"
"0500000US19145","Page County, Iowa","7/1/2011 population estimate","15898"
"0500000US19145","Page County, Iowa","7/1/2012 population estimate","15702"
"0500000US19145","Page County, Iowa","7/1/2013 population estimate","15516"
"0500000US19145","Page County, Iowa","7/1/2014 population estimate","15483"
"0500000US19145","Page County, Iowa","7/1/2015 population estimate","15462"
"0500000US19145","Page County, Iowa","7/1/2016 population estimate","15329"
"0500000US19145","Page County, Iowa","7/1/2017 population estimate","15213"
"0500000US19145","Page County, Iowa","7/1/2018 population estimate","15229"
"0500000US19145","Page County, Iowa","7/1/2019 population estimate","15107"
"0500000US19147","Palo Alto County, Iowa","4/1/2010 Census population","9421"
"0500000US19147","Palo Alto County, Iowa","4/1/2010 population estimates base","9421"
"0500000US19147","Palo Alto County, Iowa","7/1/2010 population estimate","9398"
"0500000US19147","Palo Alto County, Iowa","7/1/2011 population estimate","9354"
"0500000US19147","Palo Alto County, Iowa","7/1/2012 population estimate","9279"
"0500000US19147","Palo Alto County, Iowa","7/1/2013 population estimate","9164"
"0500000US19147","Palo Alto County, Iowa","7/1/2014 population estimate","9120"
"0500000US19147","Palo Alto County, Iowa","7/1/2015 population estimate","9140"
"0500000US19147","Palo Alto County, Iowa","7/1/2016 population estimate","9034"
"0500000US19147","Palo Alto County, Iowa","7/1/2017 population estimate","9052"
"0500000US19147","Palo Alto County, Iowa","7/1/2018 population estimate","8903"
"0500000US19147","Palo Alto County, Iowa","7/1/2019 population estimate","8886"
"0500000US19149","Plymouth County, Iowa","4/1/2010 Census population","24986"
"0500000US19149","Plymouth County, Iowa","4/1/2010 population estimates base","24984"
"0500000US19149","Plymouth County, Iowa","7/1/2010 population estimate","24975"
"0500000US19149","Plymouth County, Iowa","7/1/2011 population estimate","24818"
"0500000US19149","Plymouth County, Iowa","7/1/2012 population estimate","24830"
"0500000US19149","Plymouth County, Iowa","7/1/2013 population estimate","24931"
"0500000US19149","Plymouth County, Iowa","7/1/2014 population estimate","24911"
"0500000US19149","Plymouth County, Iowa","7/1/2015 population estimate","24899"
"0500000US19149","Plymouth County, Iowa","7/1/2016 population estimate","25180"
"0500000US19149","Plymouth County, Iowa","7/1/2017 population estimate","25060"
"0500000US19149","Plymouth County, Iowa","7/1/2018 population estimate","25024"
"0500000US19149","Plymouth County, Iowa","7/1/2019 population estimate","25177"
"0500000US19151","Pocahontas County, Iowa","4/1/2010 Census population","7310"
"0500000US19151","Pocahontas County, Iowa","4/1/2010 population estimates base","7310"
"0500000US19151","Pocahontas County, Iowa","7/1/2010 population estimate","7289"
"0500000US19151","Pocahontas County, Iowa","7/1/2011 population estimate","7204"
"0500000US19151","Pocahontas County, Iowa","7/1/2012 population estimate","7143"
"0500000US19151","Pocahontas County, Iowa","7/1/2013 population estimate","7112"
"0500000US19151","Pocahontas County, Iowa","7/1/2014 population estimate","7097"
"0500000US19151","Pocahontas County, Iowa","7/1/2015 population estimate","6967"
"0500000US19151","Pocahontas County, Iowa","7/1/2016 population estimate","6854"
"0500000US19151","Pocahontas County, Iowa","7/1/2017 population estimate","6833"
"0500000US19151","Pocahontas County, Iowa","7/1/2018 population estimate","6714"
"0500000US19151","Pocahontas County, Iowa","7/1/2019 population estimate","6619"
"0500000US19153","Polk County, Iowa","4/1/2010 Census population","430640"
"0500000US19153","Polk County, Iowa","4/1/2010 population estimates base","430631"
"0500000US19153","Polk County, Iowa","7/1/2010 population estimate","432352"
"0500000US19153","Polk County, Iowa","7/1/2011 population estimate","438737"
"0500000US19153","Polk County, Iowa","7/1/2012 population estimate","444671"
"0500000US19153","Polk County, Iowa","7/1/2013 population estimate","452657"
"0500000US19153","Polk County, Iowa","7/1/2014 population estimate","460898"
"0500000US19153","Polk County, Iowa","7/1/2015 population estimate","467304"
"0500000US19153","Polk County, Iowa","7/1/2016 population estimate","474277"
"0500000US19153","Polk County, Iowa","7/1/2017 population estimate","480487"
"0500000US19153","Polk County, Iowa","7/1/2018 population estimate","485833"
"0500000US19153","Polk County, Iowa","7/1/2019 population estimate","490161"
"0500000US19155","Pottawattamie County, Iowa","4/1/2010 Census population","93158"
"0500000US19155","Pottawattamie County, Iowa","4/1/2010 population estimates base","93149"
"0500000US19155","Pottawattamie County, Iowa","7/1/2010 population estimate","93363"
"0500000US19155","Pottawattamie County, Iowa","7/1/2011 population estimate","93498"
"0500000US19155","Pottawattamie County, Iowa","7/1/2012 population estimate","92916"
"0500000US19155","Pottawattamie County, Iowa","7/1/2013 population estimate","92855"
"0500000US19155","Pottawattamie County, Iowa","7/1/2014 population estimate","93258"
"0500000US19155","Pottawattamie County, Iowa","7/1/2015 population estimate","93563"
"0500000US19155","Pottawattamie County, Iowa","7/1/2016 population estimate","93518"
"0500000US19155","Pottawattamie County, Iowa","7/1/2017 population estimate","93416"
"0500000US19155","Pottawattamie County, Iowa","7/1/2018 population estimate","93264"
"0500000US19155","Pottawattamie County, Iowa","7/1/2019 population estimate","93206"
"0500000US19157","Poweshiek County, Iowa","4/1/2010 Census population","18914"
"0500000US19157","Poweshiek County, Iowa","4/1/2010 population estimates base","18915"
"0500000US19157","Poweshiek County, Iowa","7/1/2010 population estimate","18925"
"0500000US19157","Poweshiek County, Iowa","7/1/2011 population estimate","18896"
"0500000US19157","Poweshiek County, Iowa","7/1/2012 population estimate","18728"
"0500000US19157","Poweshiek County, Iowa","7/1/2013 population estimate","18606"
"0500000US19157","Poweshiek County, Iowa","7/1/2014 population estimate","18608"
"0500000US19157","Poweshiek County, Iowa","7/1/2015 population estimate","18358"
"0500000US19157","Poweshiek County, Iowa","7/1/2016 population estimate","18279"
"0500000US19157","Poweshiek County, Iowa","7/1/2017 population estimate","18334"
"0500000US19157","Poweshiek County, Iowa","7/1/2018 population estimate","18467"
"0500000US19157","Poweshiek County, Iowa","7/1/2019 population estimate","18504"
"0500000US19159","Ringgold County, Iowa","4/1/2010 Census population","5131"
"0500000US19159","Ringgold County, Iowa","4/1/2010 population estimates base","5130"
"0500000US19159","Ringgold County, Iowa","7/1/2010 population estimate","5113"
"0500000US19159","Ringgold County, Iowa","7/1/2011 population estimate","5049"
"0500000US19159","Ringgold County, Iowa","7/1/2012 population estimate","5027"
"0500000US19159","Ringgold County, Iowa","7/1/2013 population estimate","4971"
"0500000US19159","Ringgold County, Iowa","7/1/2014 population estimate","4961"
"0500000US19159","Ringgold County, Iowa","7/1/2015 population estimate","4977"
"0500000US19159","Ringgold County, Iowa","7/1/2016 population estimate","4985"
"0500000US19159","Ringgold County, Iowa","7/1/2017 population estimate","5024"
"0500000US19159","Ringgold County, Iowa","7/1/2018 population estimate","4940"
"0500000US19159","Ringgold County, Iowa","7/1/2019 population estimate","4894"
"0500000US19161","Sac County, Iowa","4/1/2010 Census population","10350"
"0500000US19161","Sac County, Iowa","4/1/2010 population estimates base","10350"
"0500000US19161","Sac County, Iowa","7/1/2010 population estimate","10354"
"0500000US19161","Sac County, Iowa","7/1/2011 population estimate","10222"
"0500000US19161","Sac County, Iowa","7/1/2012 population estimate","10161"
"0500000US19161","Sac County, Iowa","7/1/2013 population estimate","10030"
"0500000US19161","Sac County, Iowa","7/1/2014 population estimate","10048"
"0500000US19161","Sac County, Iowa","7/1/2015 population estimate","9966"
"0500000US19161","Sac County, Iowa","7/1/2016 population estimate","9816"
"0500000US19161","Sac County, Iowa","7/1/2017 population estimate","9803"
"0500000US19161","Sac County, Iowa","7/1/2018 population estimate","9705"
"0500000US19161","Sac County, Iowa","7/1/2019 population estimate","9721"
"0500000US19163","Scott County, Iowa","4/1/2010 Census population","165224"
"0500000US19163","Scott County, Iowa","4/1/2010 population estimates base","165223"
"0500000US19163","Scott County, Iowa","7/1/2010 population estimate","165272"
"0500000US19163","Scott County, Iowa","7/1/2011 population estimate","166629"
"0500000US19163","Scott County, Iowa","7/1/2012 population estimate","168347"
"0500000US19163","Scott County, Iowa","7/1/2013 population estimate","170201"
"0500000US19163","Scott County, Iowa","7/1/2014 population estimate","171310"
"0500000US19163","Scott County, Iowa","7/1/2015 population estimate","171903"
"0500000US19163","Scott County, Iowa","7/1/2016 population estimate","172135"
"0500000US19163","Scott County, Iowa","7/1/2017 population estimate","172448"
"0500000US19163","Scott County, Iowa","7/1/2018 population estimate","172803"
"0500000US19163","Scott County, Iowa","7/1/2019 population estimate","172943"
"0500000US19165","Shelby County, Iowa","4/1/2010 Census population","12167"
"0500000US19165","Shelby County, Iowa","4/1/2010 population estimates base","12169"
"0500000US19165","Shelby County, Iowa","7/1/2010 population estimate","12174"
"0500000US19165","Shelby County, Iowa","7/1/2011 population estimate","11992"
"0500000US19165","Shelby County, Iowa","7/1/2012 population estimate","12024"
"0500000US19165","Shelby County, Iowa","7/1/2013 population estimate","11899"
"0500000US19165","Shelby County, Iowa","7/1/2014 population estimate","11878"
"0500000US19165","Shelby County, Iowa","7/1/2015 population estimate","11789"
"0500000US19165","Shelby County, Iowa","7/1/2016 population estimate","11655"
"0500000US19165","Shelby County, Iowa","7/1/2017 population estimate","11574"
"0500000US19165","Shelby County, Iowa","7/1/2018 population estimate","11559"
"0500000US19165","Shelby County, Iowa","7/1/2019 population estimate","11454"
"0500000US19167","Sioux County, Iowa","4/1/2010 Census population","33704"
"0500000US19167","Sioux County, Iowa","4/1/2010 population estimates base","33704"
"0500000US19167","Sioux County, Iowa","7/1/2010 population estimate","33754"
"0500000US19167","Sioux County, Iowa","7/1/2011 population estimate","34016"
"0500000US19167","Sioux County, Iowa","7/1/2012 population estimate","34282"
"0500000US19167","Sioux County, Iowa","7/1/2013 population estimate","34503"
"0500000US19167","Sioux County, Iowa","7/1/2014 population estimate","34635"
"0500000US19167","Sioux County, Iowa","7/1/2015 population estimate","34754"
"0500000US19167","Sioux County, Iowa","7/1/2016 population estimate","34944"
"0500000US19167","Sioux County, Iowa","7/1/2017 population estimate","34781"
"0500000US19167","Sioux County, Iowa","7/1/2018 population estimate","34802"
"0500000US19167","Sioux County, Iowa","7/1/2019 population estimate","34855"
"0500000US19169","Story County, Iowa","4/1/2010 Census population","89542"
"0500000US19169","Story County, Iowa","4/1/2010 population estimates base","89542"
"0500000US19169","Story County, Iowa","7/1/2010 population estimate","89654"
"0500000US19169","Story County, Iowa","7/1/2011 population estimate","91136"
"0500000US19169","Story County, Iowa","7/1/2012 population estimate","92003"
"0500000US19169","Story County, Iowa","7/1/2013 population estimate","93877"
"0500000US19169","Story County, Iowa","7/1/2014 population estimate","95802"
"0500000US19169","Story County, Iowa","7/1/2015 population estimate","96636"
"0500000US19169","Story County, Iowa","7/1/2016 population estimate","96893"
"0500000US19169","Story County, Iowa","7/1/2017 population estimate","97278"
"0500000US19169","Story County, Iowa","7/1/2018 population estimate","96781"
"0500000US19169","Story County, Iowa","7/1/2019 population estimate","97117"
"0500000US19171","Tama County, Iowa","4/1/2010 Census population","17767"
"0500000US19171","Tama County, Iowa","4/1/2010 population estimates base","17767"
"0500000US19171","Tama County, Iowa","7/1/2010 population estimate","17719"
"0500000US19171","Tama County, Iowa","7/1/2011 population estimate","17614"
"0500000US19171","Tama County, Iowa","7/1/2012 population estimate","17501"
"0500000US19171","Tama County, Iowa","7/1/2013 population estimate","17430"
"0500000US19171","Tama County, Iowa","7/1/2014 population estimate","17309"
"0500000US19171","Tama County, Iowa","7/1/2015 population estimate","17217"
"0500000US19171","Tama County, Iowa","7/1/2016 population estimate","17192"
"0500000US19171","Tama County, Iowa","7/1/2017 population estimate","17029"
"0500000US19171","Tama County, Iowa","7/1/2018 population estimate","16869"
"0500000US19171","Tama County, Iowa","7/1/2019 population estimate","16854"
"0500000US19173","Taylor County, Iowa","4/1/2010 Census population","6317"
"0500000US19173","Taylor County, Iowa","4/1/2010 population estimates base","6317"
"0500000US19173","Taylor County, Iowa","7/1/2010 population estimate","6322"
"0500000US19173","Taylor County, Iowa","7/1/2011 population estimate","6304"
"0500000US19173","Taylor County, Iowa","7/1/2012 population estimate","6260"
"0500000US19173","Taylor County, Iowa","7/1/2013 population estimate","6233"
"0500000US19173","Taylor County, Iowa","7/1/2014 population estimate","6175"
"0500000US19173","Taylor County, Iowa","7/1/2015 population estimate","6246"
"0500000US19173","Taylor County, Iowa","7/1/2016 population estimate","6213"
"0500000US19173","Taylor County, Iowa","7/1/2017 population estimate","6095"
"0500000US19173","Taylor County, Iowa","7/1/2018 population estimate","6160"
"0500000US19173","Taylor County, Iowa","7/1/2019 population estimate","6121"
"0500000US19175","Union County, Iowa","4/1/2010 Census population","12534"
"0500000US19175","Union County, Iowa","4/1/2010 population estimates base","12534"
"0500000US19175","Union County, Iowa","7/1/2010 population estimate","12513"
"0500000US19175","Union County, Iowa","7/1/2011 population estimate","12556"
"0500000US19175","Union County, Iowa","7/1/2012 population estimate","12586"
"0500000US19175","Union County, Iowa","7/1/2013 population estimate","12616"
"0500000US19175","Union County, Iowa","7/1/2014 population estimate","12627"
"0500000US19175","Union County, Iowa","7/1/2015 population estimate","12430"
"0500000US19175","Union County, Iowa","7/1/2016 population estimate","12360"
"0500000US19175","Union County, Iowa","7/1/2017 population estimate","12459"
"0500000US19175","Union County, Iowa","7/1/2018 population estimate","12298"
"0500000US19175","Union County, Iowa","7/1/2019 population estimate","12241"
"0500000US19177","Van Buren County, Iowa","4/1/2010 Census population","7570"
"0500000US19177","Van Buren County, Iowa","4/1/2010 population estimates base","7571"
"0500000US19177","Van Buren County, Iowa","7/1/2010 population estimate","7577"
"0500000US19177","Van Buren County, Iowa","7/1/2011 population estimate","7513"
"0500000US19177","Van Buren County, Iowa","7/1/2012 population estimate","7449"
"0500000US19177","Van Buren County, Iowa","7/1/2013 population estimate","7434"
"0500000US19177","Van Buren County, Iowa","7/1/2014 population estimate","7390"
"0500000US19177","Van Buren County, Iowa","7/1/2015 population estimate","7296"
"0500000US19177","Van Buren County, Iowa","7/1/2016 population estimate","7241"
"0500000US19177","Van Buren County, Iowa","7/1/2017 population estimate","7155"
"0500000US19177","Van Buren County, Iowa","7/1/2018 population estimate","7013"
"0500000US19177","Van Buren County, Iowa","7/1/2019 population estimate","7044"
"0500000US19179","Wapello County, Iowa","4/1/2010 Census population","35625"
"0500000US19179","Wapello County, Iowa","4/1/2010 population estimates base","35624"
"0500000US19179","Wapello County, Iowa","7/1/2010 population estimate","35682"
"0500000US19179","Wapello County, Iowa","7/1/2011 population estimate","35486"
"0500000US19179","Wapello County, Iowa","7/1/2012 population estimate","35431"
"0500000US19179","Wapello County, Iowa","7/1/2013 population estimate","35507"
"0500000US19179","Wapello County, Iowa","7/1/2014 population estimate","35426"
"0500000US19179","Wapello County, Iowa","7/1/2015 population estimate","35456"
"0500000US19179","Wapello County, Iowa","7/1/2016 population estimate","35265"
"0500000US19179","Wapello County, Iowa","7/1/2017 population estimate","35022"
"0500000US19179","Wapello County, Iowa","7/1/2018 population estimate","34991"
"0500000US19179","Wapello County, Iowa","7/1/2019 population estimate","34969"
"0500000US19181","Warren County, Iowa","4/1/2010 Census population","46225"
"0500000US19181","Warren County, Iowa","4/1/2010 population estimates base","46226"
"0500000US19181","Warren County, Iowa","7/1/2010 population estimate","46340"
"0500000US19181","Warren County, Iowa","7/1/2011 population estimate","46645"
"0500000US19181","Warren County, Iowa","7/1/2012 population estimate","46895"
"0500000US19181","Warren County, Iowa","7/1/2013 population estimate","47358"
"0500000US19181","Warren County, Iowa","7/1/2014 population estimate","47827"
"0500000US19181","Warren County, Iowa","7/1/2015 population estimate","48468"
"0500000US19181","Warren County, Iowa","7/1/2016 population estimate","49356"
"0500000US19181","Warren County, Iowa","7/1/2017 population estimate","50078"
"0500000US19181","Warren County, Iowa","7/1/2018 population estimate","51014"
"0500000US19181","Warren County, Iowa","7/1/2019 population estimate","51466"
"0500000US19183","Washington County, Iowa","4/1/2010 Census population","21704"
"0500000US19183","Washington County, Iowa","4/1/2010 population estimates base","21704"
"0500000US19183","Washington County, Iowa","7/1/2010 population estimate","21688"
"0500000US19183","Washington County, Iowa","7/1/2011 population estimate","21822"
"0500000US19183","Washington County, Iowa","7/1/2012 population estimate","21903"
"0500000US19183","Washington County, Iowa","7/1/2013 population estimate","21944"
"0500000US19183","Washington County, Iowa","7/1/2014 population estimate","22029"
"0500000US19183","Washington County, Iowa","7/1/2015 population estimate","22145"
"0500000US19183","Washington County, Iowa","7/1/2016 population estimate","22126"
"0500000US19183","Washington County, Iowa","7/1/2017 population estimate","22204"
"0500000US19183","Washington County, Iowa","7/1/2018 population estimate","22058"
"0500000US19183","Washington County, Iowa","7/1/2019 population estimate","21965"
"0500000US19185","Wayne County, Iowa","4/1/2010 Census population","6403"
"0500000US19185","Wayne County, Iowa","4/1/2010 population estimates base","6403"
"0500000US19185","Wayne County, Iowa","7/1/2010 population estimate","6419"
"0500000US19185","Wayne County, Iowa","7/1/2011 population estimate","6337"
"0500000US19185","Wayne County, Iowa","7/1/2012 population estimate","6329"
"0500000US19185","Wayne County, Iowa","7/1/2013 population estimate","6385"
"0500000US19185","Wayne County, Iowa","7/1/2014 population estimate","6376"
"0500000US19185","Wayne County, Iowa","7/1/2015 population estimate","6359"
"0500000US19185","Wayne County, Iowa","7/1/2016 population estimate","6447"
"0500000US19185","Wayne County, Iowa","7/1/2017 population estimate","6492"
"0500000US19185","Wayne County, Iowa","7/1/2018 population estimate","6405"
"0500000US19185","Wayne County, Iowa","7/1/2019 population estimate","6441"
"0500000US19187","Webster County, Iowa","4/1/2010 Census population","38013"
"0500000US19187","Webster County, Iowa","4/1/2010 population estimates base","38011"
"0500000US19187","Webster County, Iowa","7/1/2010 population estimate","37879"
"0500000US19187","Webster County, Iowa","7/1/2011 population estimate","37745"
"0500000US19187","Webster County, Iowa","7/1/2012 population estimate","37323"
"0500000US19187","Webster County, Iowa","7/1/2013 population estimate","37327"
"0500000US19187","Webster County, Iowa","7/1/2014 population estimate","37069"
"0500000US19187","Webster County, Iowa","7/1/2015 population estimate","37066"
"0500000US19187","Webster County, Iowa","7/1/2016 population estimate","36781"
"0500000US19187","Webster County, Iowa","7/1/2017 population estimate","36637"
"0500000US19187","Webster County, Iowa","7/1/2018 population estimate","36339"
"0500000US19187","Webster County, Iowa","7/1/2019 population estimate","35904"
"0500000US19189","Winnebago County, Iowa","4/1/2010 Census population","10866"
"0500000US19189","Winnebago County, Iowa","4/1/2010 population estimates base","10874"
"0500000US19189","Winnebago County, Iowa","7/1/2010 population estimate","10846"
"0500000US19189","Winnebago County, Iowa","7/1/2011 population estimate","10696"
"0500000US19189","Winnebago County, Iowa","7/1/2012 population estimate","10602"
"0500000US19189","Winnebago County, Iowa","7/1/2013 population estimate","10430"
"0500000US19189","Winnebago County, Iowa","7/1/2014 population estimate","10556"
"0500000US19189","Winnebago County, Iowa","7/1/2015 population estimate","10603"
"0500000US19189","Winnebago County, Iowa","7/1/2016 population estimate","10602"
"0500000US19189","Winnebago County, Iowa","7/1/2017 population estimate","10573"
"0500000US19189","Winnebago County, Iowa","7/1/2018 population estimate","10539"
"0500000US19189","Winnebago County, Iowa","7/1/2019 population estimate","10354"
"0500000US19191","Winneshiek County, Iowa","4/1/2010 Census population","21056"
"0500000US19191","Winneshiek County, Iowa","4/1/2010 population estimates base","21058"
"0500000US19191","Winneshiek County, Iowa","7/1/2010 population estimate","21076"
"0500000US19191","Winneshiek County, Iowa","7/1/2011 population estimate","21051"
"0500000US19191","Winneshiek County, Iowa","7/1/2012 population estimate","21041"
"0500000US19191","Winneshiek County, Iowa","7/1/2013 population estimate","20840"
"0500000US19191","Winneshiek County, Iowa","7/1/2014 population estimate","20696"
"0500000US19191","Winneshiek County, Iowa","7/1/2015 population estimate","20745"
"0500000US19191","Winneshiek County, Iowa","7/1/2016 population estimate","20427"
"0500000US19191","Winneshiek County, Iowa","7/1/2017 population estimate","20129"
"0500000US19191","Winneshiek County, Iowa","7/1/2018 population estimate","20017"
"0500000US19191","Winneshiek County, Iowa","7/1/2019 population estimate","19991"
"0500000US19193","Woodbury County, Iowa","4/1/2010 Census population","102172"
"0500000US19193","Woodbury County, Iowa","4/1/2010 population estimates base","102175"
"0500000US19193","Woodbury County, Iowa","7/1/2010 population estimate","102388"
"0500000US19193","Woodbury County, Iowa","7/1/2011 population estimate","102720"
"0500000US19193","Woodbury County, Iowa","7/1/2012 population estimate","102321"
"0500000US19193","Woodbury County, Iowa","7/1/2013 population estimate","102284"
"0500000US19193","Woodbury County, Iowa","7/1/2014 population estimate","102292"
"0500000US19193","Woodbury County, Iowa","7/1/2015 population estimate","102492"
"0500000US19193","Woodbury County, Iowa","7/1/2016 population estimate","102686"
"0500000US19193","Woodbury County, Iowa","7/1/2017 population estimate","102132"
"0500000US19193","Woodbury County, Iowa","7/1/2018 population estimate","102515"
"0500000US19193","Woodbury County, Iowa","7/1/2019 population estimate","103107"
"0500000US19195","Worth County, Iowa","4/1/2010 Census population","7598"
"0500000US19195","Worth County, Iowa","4/1/2010 population estimates base","7591"
"0500000US19195","Worth County, Iowa","7/1/2010 population estimate","7583"
"0500000US19195","Worth County, Iowa","7/1/2011 population estimate","7561"
"0500000US19195","Worth County, Iowa","7/1/2012 population estimate","7496"
"0500000US19195","Worth County, Iowa","7/1/2013 population estimate","7489"
"0500000US19195","Worth County, Iowa","7/1/2014 population estimate","7557"
"0500000US19195","Worth County, Iowa","7/1/2015 population estimate","7503"
"0500000US19195","Worth County, Iowa","7/1/2016 population estimate","7471"
"0500000US19195","Worth County, Iowa","7/1/2017 population estimate","7455"
"0500000US19195","Worth County, Iowa","7/1/2018 population estimate","7413"
"0500000US19195","Worth County, Iowa","7/1/2019 population estimate","7381"
"0500000US19197","Wright County, Iowa","4/1/2010 Census population","13229"
"0500000US19197","Wright County, Iowa","4/1/2010 population estimates base","13229"
"0500000US19197","Wright County, Iowa","7/1/2010 population estimate","13185"
"0500000US19197","Wright County, Iowa","7/1/2011 population estimate","13034"
"0500000US19197","Wright County, Iowa","7/1/2012 population estimate","13020"
"0500000US19197","Wright County, Iowa","7/1/2013 population estimate","12982"
"0500000US19197","Wright County, Iowa","7/1/2014 population estimate","12906"
"0500000US19197","Wright County, Iowa","7/1/2015 population estimate","12841"
"0500000US19197","Wright County, Iowa","7/1/2016 population estimate","12839"
"0500000US19197","Wright County, Iowa","7/1/2017 population estimate","12765"
"0500000US19197","Wright County, Iowa","7/1/2018 population estimate","12690"
"0500000US19197","Wright County, Iowa","7/1/2019 population estimate","12562"
"0400000US19","Iowa","4/1/2010 Census population","3046355"
"0400000US19","Iowa","4/1/2010 population estimates base","3046871"
"0400000US19","Iowa","7/1/2010 population estimate","3050745"
"0400000US19","Iowa","7/1/2011 population estimate","3066336"
"0400000US19","Iowa","7/1/2012 population estimate","3076190"
"0400000US19","Iowa","7/1/2013 population estimate","3092997"
"0400000US19","Iowa","7/1/2014 population estimate","3109350"
"0400000US19","Iowa","7/1/2015 population estimate","3120960"
"0400000US19","Iowa","7/1/2016 population estimate","3131371"
"0400000US19","Iowa","7/1/2017 population estimate","3141550"
"0400000US19","Iowa","7/1/2018 population estimate","3148618"
"0400000US19","Iowa","7/1/2019 population estimate","3155070"
