Year,College,Deg ID,Ethnicity,Gender,Maj 1,Maj 2,Maj 3,Major Name ,Number of Records
2000,Agri Sci & Natl Res,BSAS,HISP,M,ABUS,,,AGRIBUSINESS,1
2000,Agri Sci & Natl Res,BSAS,UNK,M,ABUS,,,AGRIBUSINESS,1
2000,Agri Sci & Natl Res,BSAS,WH,F,ABUS,,,AGRIBUSINESS,7
2000,Agri Sci & Natl Res,BSAS,WH,M,ABUS,,,AGRIBUSINESS,22
2000,Agri Sci & Natl Res,BSAS,UNK,M,ABUS,AECN,,AGRIBUSINESS,2
2000,Agri Sci & Natl Res,BSAS,WH,F,ABUS,AECN,,AGRIBUSINESS,1
2000,Agri Sci & Natl Res,BSAS,WH,M,ABUS,AECN,,AGRIBUSINESS,4
2000,Agri Sci & Natl Res,BSAS,WH,M,ABUS,AEDU,,AGRIBUSINESS,1
2000,Agri Sci & Natl Res,BSAS,UNK,M,AECN,,,AGRICULTURAL ECONOMICS,1
2000,Agri Sci & Natl Res,BSAS,WH,M,AECN,,,AGRICULTURAL ECONOMICS,6
2000,Agri Sci & Natl Res,BSAS,UNK,F,AEDU,,,AGRICULTURAL EDUCATION,1
2000,Agri Sci & Natl Res,BSAS,WH,F,AEDU,,,AGRICULTURAL EDUCATION,11
2000,Agri Sci & Natl Res,BSAS,WH,M,AEDU,,,AGRICULTURAL EDUCATION,7
2000,Agri Sci & Natl Res,BSAS,WH,F,AEDU,AJRN,,AGRICULTURAL EDUCATION,1
2000,Agri Sci & Natl Res,BSAS,UNK,M,AGRO,,,AGRONOMY,1
2000,Agri Sci & Natl Res,BSAS,WH,F,AGRO,,,AGRONOMY,2
2000,Agri Sci & Natl Res,BSAS,WH,M,AGRO,,,AGRONOMY,18
2000,Agri Sci & Natl Res,BSAS,UNK,F,ASCI,,,ANIMAL SCIENCE,2
2000,Agri Sci & Natl Res,BSAS,UNK,M,ASCI,,,ANIMAL SCIENCE,2
2000,Agri Sci & Natl Res,BSAS,WH,F,ASCI,,,ANIMAL SCIENCE,17
2000,Agri Sci & Natl Res,BSAS,WH,M,ASCI,,,ANIMAL SCIENCE,14
2000,Agri Sci & Natl Res,BSAS,WH,M,ASCI,GRLS,,ANIMAL SCIENCE,1
2000,Agri Sci & Natl Res,BSAS,UNK,M,BIOC,,,BIOCHEMISTRY,1
2000,Agri Sci & Natl Res,BSAS,WH,F,BIOC,,,BIOCHEMISTRY,6
2000,Agri Sci & Natl Res,BSAS,WH,M,BIOC,,,BIOCHEMISTRY,7
2000,Agri Sci & Natl Res,BSAS,BLK,M,DVAG,,,DIVERSIFIED AGRICULTURAL STUDIES,1
2000,Agri Sci & Natl Res,BSAS,UNK,M,DVAG,,,DIVERSIFIED AGRICULTURAL STUDIES,1
2000,Agri Sci & Natl Res,BSAS,WH,F,DVAG,,,DIVERSIFIED AGRICULTURAL STUDIES,8
2000,Agri Sci & Natl Res,BSAS,WH,M,DVAG,,,DIVERSIFIED AGRICULTURAL STUDIES,28
2000,Agri Sci & Natl Res,BSAS,WH,F,DVAG,AJRN,,DIVERSIFIED AGRICULTURAL STUDIES,1
2000,Agri Sci & Natl Res,BSNR,UNK,F,ENVR,,,ENVIRONMENTAL STUDIES,1
2000,Agri Sci & Natl Res,BSNR,WH,F,ENVR,,,ENVIRONMENTAL STUDIES,4
2000,Agri Sci & Natl Res,BSNR,WH,M,ENVR,,,ENVIRONMENTAL STUDIES,4
2000,Agri Sci & Natl Res,BSNR,WH,M,ENVR,SOIL,,ENVIRONMENTAL STUDIES,1
2000,Agri Sci & Natl Res,BSNR,ASI,F,FWL,,,FISHERIES AND WILDLIFE,1
2000,Agri Sci & Natl Res,BSNR,UNK,M,FWL,,,FISHERIES AND WILDLIFE,1
2000,Agri Sci & Natl Res,BSNR,WH,F,FWL,,,FISHERIES AND WILDLIFE,17
2000,Agri Sci & Natl Res,BSNR,WH,M,FWL,,,FISHERIES AND WILDLIFE,14
2000,Agri Sci & Natl Res,BSAS,ASI,F,FDST,,,FOOD SCIENCE AND TECHNOLOGY,3
2000,Agri Sci & Natl Res,BSAS,ASI,M,FDST,,,FOOD SCIENCE AND TECHNOLOGY,1
2000,Agri Sci & Natl Res,BSAS,WH,F,FDST,,,FOOD SCIENCE AND TECHNOLOGY,2
2000,Agri Sci & Natl Res,BSAS,WH,M,FDST,,,FOOD SCIENCE AND TECHNOLOGY,2
2000,Agri Sci & Natl Res,BSAS,ASI,F,HORT,,,HORTICULTURE,1
2000,Agri Sci & Natl Res,BSAS,WH,F,HORT,,,HORTICULTURE,10
2000,Agri Sci & Natl Res,BSAS,WH,M,HORT,,,HORTICULTURE,20
2000,Agri Sci & Natl Res,BSAS,WH,M,MSYM,,,MECHANIZED SYSTEMS MANAGEMENT,17
2000,Agri Sci & Natl Res,BSNR,WH,M,NREE,,,NATURAL RESOURCE AND ENVIRONMENTAL ECONOMICS,1
2000,Agri Sci & Natl Res,BSAS,HISP,M,VBMS,,,VETERINARY SCIENCE,1
2000,Agri Sci & Natl Res,BSAS,UNK,F,VBMS,,,VETERINARY SCIENCE,1
2000,Agri Sci & Natl Res,BSAS,WH,F,VBMS,,,VETERINARY SCIENCE,11
2000,Agri Sci & Natl Res,BSAS,WH,M,VBMS,,,VETERINARY SCIENCE,4
2000,Agri Sci & Natl Res,BSAS,WH,F,VETT,,,VETERINARY TECHNOLOGIST,2
2000,Agri Sci & Natl Res,BSAS,WH,M,VETT,,,VETERINARY TECHNOLOGIST,1
2000,Agri Sci & Natl Res,BSNR,WH,M,WATR,,,WATER SCIENCE,3
2000,"Architecture
",BSD,ASI,F,ARCS,,,ARCHITECTURAL STUDIES,1
2000,"Architecture
",BARC,BLK,M,ARCS,,,ARCHITECTURAL STUDIES,1
2000,"Architecture
",BSD,UNK,M,ARCS,,,ARCHITECTURAL STUDIES,1
2000,"Architecture
",BSD,WH,F,ARCS,,,ARCHITECTURAL STUDIES,11
2000,"Architecture
",BSD,WH,M,ARCS,,,ARCHITECTURAL STUDIES,22
2000,"Architecture
",BARC,WH,M,ARCS,,,ARCHITECTURAL STUDIES,4
2000,"Architecture
",BSD,ASI,F,ARCI,,,ARCHITECTURAL STUDIES (INTERIOR DESIGN ONLY),3
2000,"Architecture
",BSD,BLK,F,ARCI,,,ARCHITECTURAL STUDIES (INTERIOR DESIGN ONLY),1
2000,"Architecture
",BSD,UNK,F,ARCI,,,ARCHITECTURAL STUDIES (INTERIOR DESIGN ONLY),1
2000,"Architecture
",BSD,UNK,M,ARCI,,,ARCHITECTURAL STUDIES (INTERIOR DESIGN ONLY),1
2000,"Architecture
",BSD,WH,F,ARCI,,,ARCHITECTURAL STUDIES (INTERIOR DESIGN ONLY),17
2000,"Architecture
",BARC,WH,F,ARCI,,,ARCHITECTURAL STUDIES (INTERIOR DESIGN ONLY),1
2000,"Architecture
",BSD,WH,M,ARCI,,,ARCHITECTURAL STUDIES (INTERIOR DESIGN ONLY),2
2000,"Architecture
",BARC,WH,M,ARCI,,,ARCHITECTURAL STUDIES (INTERIOR DESIGN ONLY),1
2000,"Architecture
",MARC,ASI,M,ARCH,,,ARCHITECTURE,1
2000,"Architecture
",MARC,BLK,F,ARCH,,,ARCHITECTURE,1
2000,"Architecture
",MARC,WH,F,ARCH,,,ARCHITECTURE,4
2000,"Architecture
",MARC,WH,M,ARCH,,,ARCHITECTURE,12
2000,"Arts & Sciences
",BS,WH,M,ACTS,,,ACTUARIAL SCIENCE,1
2000,"Arts & Sciences
",BA,AI/AN,F,ANTH,,,ANTHROPOLOGY,1
2000,"Arts & Sciences
",BA,HISP,F,ANTH,,,ANTHROPOLOGY,1
2000,"Arts & Sciences
",BA,WH,F,ANTH,,,ANTHROPOLOGY,6
2000,"Arts & Sciences
",BA,WH,M,ANTH,,,ANTHROPOLOGY,9
2000,"Arts & Sciences
",BA,UNK,F,ANTH,CLAS,,ANTHROPOLOGY,1
2000,"Arts & Sciences
",BA,UNK,M,ANTH,ENGL,,ANTHROPOLOGY,1
2000,"Arts & Sciences
",BA,WH,F,ANTH,ENGL,,ANTHROPOLOGY,1
2000,"Arts & Sciences
",BA,WH,F,ANTH,GERM,,ANTHROPOLOGY,1
2000,"Arts & Sciences
",BA,WH,M,ANTH,HIST,,ANTHROPOLOGY,1
2000,"Arts & Sciences
",BS,ASI,F,BIOC,,,BIOCHEMISTRY,1
2000,"Arts & Sciences
",BS,ASI,M,BIOC,,,BIOCHEMISTRY,1
2000,"Arts & Sciences
",BS,BLK,F,BIOC,,,BIOCHEMISTRY,1
2000,"Arts & Sciences
",BS,BLK,M,BIOC,,,BIOCHEMISTRY,1
2000,"Arts & Sciences
",BS,UNK,M,BIOC,,,BIOCHEMISTRY,2
2000,"Arts & Sciences
",BS,WH,F,BIOC,,,BIOCHEMISTRY,7
2000,"Arts & Sciences
",BS,WH,M,BIOC,,,BIOCHEMISTRY,11
2000,"Arts & Sciences
",BS,ASI,M,BIOS,,,BIOLOGICAL SCIENCES,1
2000,"Arts & Sciences
",BS,BLK,M,BIOS,,,BIOLOGICAL SCIENCES,1
2000,"Arts & Sciences
",BS,HISP,M,BIOS,,,BIOLOGICAL SCIENCES,1
2000,"Arts & Sciences
",BS,UNK,M,BIOS,,,BIOLOGICAL SCIENCES,2
2000,"Arts & Sciences
",BS,WH,F,BIOS,,,BIOLOGICAL SCIENCES,50
2000,"Arts & Sciences
",BS,WH,M,BIOS,,,BIOLOGICAL SCIENCES,35
2000,"Arts & Sciences
",BS,ASI,M,BIOS,BIOC,,BIOLOGICAL SCIENCES,1
2000,"Arts & Sciences
",BS,UNK,F,BIOS,BIOC,,BIOLOGICAL SCIENCES,1
2000,"Arts & Sciences
",BS,WH,F,BIOS,BIOC,,BIOLOGICAL SCIENCES,3
2000,"Arts & Sciences
",BS,WH,M,BIOS,BIOC,,BIOLOGICAL SCIENCES,1
2000,"Arts & Sciences
",BS,WH,M,BIOS,ENVR,,BIOLOGICAL SCIENCES,1
2000,"Arts & Sciences
",BS,WH,F,BIOS,PSYC,,BIOLOGICAL SCIENCES,2
2000,"Arts & Sciences
",BS,WH,M,BIOS,PSYC,,BIOLOGICAL SCIENCES,1
2000,"Arts & Sciences
",BS,UNK,M,CHEM,,,CHEMISTRY,1
2000,"Arts & Sciences
",BA,UNK,M,CHEM,,,CHEMISTRY,1
2000,"Arts & Sciences
",BS,WH,F,CHEM,,,CHEMISTRY,3
2000,"Arts & Sciences
",BA,WH,F,CHEM,,,CHEMISTRY,1
2000,"Arts & Sciences
",BS,WH,M,CHEM,,,CHEMISTRY,1
2000,"Arts & Sciences
",BA,WH,M,CHEM,,,CHEMISTRY,1
2000,"Arts & Sciences
",BS,WH,F,CHEM,BIOC,,CHEMISTRY,1
2000,"Arts & Sciences
",BA,WH,F,CLAS,,,CLASSICS,2
2000,"Arts & Sciences
",BA,ASI,F,COMM,,,COMMUNICATION STUDIES,1
2000,"Arts & Sciences
",BA,BLK,F,COMM,,,COMMUNICATION STUDIES,2
2000,"Arts & Sciences
",BA,BLK,M,COMM,,,COMMUNICATION STUDIES,4
2000,"Arts & Sciences
",BA,UNK,M,COMM,,,COMMUNICATION STUDIES,2
2000,"Arts & Sciences
",BS,WH,F,COMM,,,COMMUNICATION STUDIES,1
2000,"Arts & Sciences
",BA,WH,F,COMM,,,COMMUNICATION STUDIES,55
2000,"Arts & Sciences
",BA,WH,M,COMM,,,COMMUNICATION STUDIES,26
2000,"Arts & Sciences
",BA,WH,F,COMM,PSYC,,COMMUNICATION STUDIES,1
2000,"Arts & Sciences
",BS,ASI,F,COMP,,,COMPUTER SCIENCE,1
2000,"Arts & Sciences
",BS,ASI,M,COMP,,,COMPUTER SCIENCE,5
2000,"Arts & Sciences
",BS,HISP,M,COMP,,,COMPUTER SCIENCE,1
2000,"Arts & Sciences
",BS,UNK,F,COMP,,,COMPUTER SCIENCE,1
2000,"Arts & Sciences
",BS,UNK,M,COMP,,,COMPUTER SCIENCE,1
2000,"Arts & Sciences
",BS,WH,F,COMP,,,COMPUTER SCIENCE,3
2000,"Arts & Sciences
",BS,WH,M,COMP,,,COMPUTER SCIENCE,28
2000,"Arts & Sciences
",BS,ASI,M,COMP,MATH,,COMPUTER SCIENCE,2
2000,"Arts & Sciences
",BS,HISP,M,COMP,MATH,,COMPUTER SCIENCE,1
2000,"Arts & Sciences
",BS,WH,M,COMP,MATH,,COMPUTER SCIENCE,3
2000,"Arts & Sciences
",BS,UNK,M,COMP,PSYC,,COMPUTER SCIENCE,1
2000,"Arts & Sciences
",BA,BLK,M,ECON,,,ECONOMICS,1
2000,"Arts & Sciences
",BA,WH,F,ECON,,,ECONOMICS,1
2000,"Arts & Sciences
",BS,WH,M,ECON,,,ECONOMICS,1
2000,"Arts & Sciences
",BA,WH,M,ECON,,,ECONOMICS,3
2000,"Arts & Sciences
",BA,WH,F,ECON,FREN,,ECONOMICS,1
2000,"Arts & Sciences
",BA,WH,F,ECON,HIST,,ECONOMICS,1
2000,"Arts & Sciences
",BA,UNK,M,ECON,IPST,,ECONOMICS,1
2000,"Arts & Sciences
",BA,AI/AN,F,ENGL,,,ENGLISH,1
2000,"Arts & Sciences
",BA,HISP,M,ENGL,,,ENGLISH,3
2000,"Arts & Sciences
",BA,UNK,M,ENGL,,,ENGLISH,1
2000,"Arts & Sciences
",BA,WH,F,ENGL,,,ENGLISH,45
2000,"Arts & Sciences
",BA,WH,M,ENGL,,,ENGLISH,21
2000,"Arts & Sciences
",BA,WH,F,ENGL,COMM,,ENGLISH,1
2000,"Arts & Sciences
",BA,WH,F,ENGL,FILM,,ENGLISH,3
2000,"Arts & Sciences
",BA,WH,F,ENGL,FREN,EURO,ENGLISH,1
2000,"Arts & Sciences
",BA,WH,F,ENGL,GEOL,,ENGLISH,1
2000,"Arts & Sciences
",BA,UNK,F,ENGL,HIST,,ENGLISH,1
2000,"Arts & Sciences
",BA,WH,M,ENGL,HIST,,ENGLISH,1
2000,"Arts & Sciences
",BA,WH,M,ENGL,PHIL,,ENGLISH,2
2000,"Arts & Sciences
",BA,AI/AN,M,ENGL,POLS,,ENGLISH,1
2000,"Arts & Sciences
",BA,WH,F,ENGL,PSYC,,ENGLISH,1
2000,"Arts & Sciences
",BA,WH,M,ENGL,PSYC,,ENGLISH,1
2000,"Arts & Sciences
",BA,WH,F,ENGL,PSYC,POLS,ENGLISH,1
2000,"Arts & Sciences
",BA,WH,F,ENGL,RUSS,,ENGLISH,1
2000,"Arts & Sciences
",BA,WH,M,ENGL,SOCI,,ENGLISH,1
2000,"Arts & Sciences
",BA,WH,F,ENGL,SPAN,,ENGLISH,2
2000,"Arts & Sciences
",BA,WH,F,ENGL,WMNS,,ENGLISH,1
2000,"Arts & Sciences
",BA,WH,M,ENGL,WMNS,,ENGLISH,1
2000,"Arts & Sciences
",BA,UNK,F,ENVR,,,ENVIRONMENTAL STUDIES,1
2000,"Arts & Sciences
",BS,WH,F,ENVR,,,ENVIRONMENTAL STUDIES,1
2000,"Arts & Sciences
",BA,WH,F,ENVR,,,ENVIRONMENTAL STUDIES,1
2000,"Arts & Sciences
",BS,WH,M,ENVR,,,ENVIRONMENTAL STUDIES,2
2000,"Arts & Sciences
",BA,WH,M,ENVR,,,ENVIRONMENTAL STUDIES,5
2000,"Arts & Sciences
",BA,WH,M,ENVR,ANTH,,ENVIRONMENTAL STUDIES,1
2000,"Arts & Sciences
",BA,WH,F,ENVR,SOCI,,ENVIRONMENTAL STUDIES,1
2000,"Arts & Sciences
",BA,WH,F,EURO,GERM,,EUROPEAN STUDIES,1
2000,"Arts & Sciences
",BA,WH,M,EURO,RUSS,,EUROPEAN STUDIES,1
2000,"Arts & Sciences
",BA,WH,F,FILM,,,FILM STUDIES,1
2000,"Arts & Sciences
",BA,WH,M,FILM,,,FILM STUDIES,1
2000,"Arts & Sciences
",BA,WH,M,FILM,ENGL,,FILM STUDIES,1
2000,"Arts & Sciences
",BA,WH,F,FREN,,,FRENCH,6
2000,"Arts & Sciences
",BA,WH,M,FREN,,,FRENCH,1
2000,"Arts & Sciences
",BA,ASI,F,FREN,EURO,,FRENCH,1
2000,"Arts & Sciences
",BA,UNK,M,FREN,EURO,,FRENCH,1
2000,"Arts & Sciences
",BA,WH,F,FREN,EURO,,FRENCH,1
2000,"Arts & Sciences
",BA,UNK,F,FREN,INTS,,FRENCH,1
2000,"Arts & Sciences
",BA,WH,F,FREN,INTS,,FRENCH,2
2000,"Arts & Sciences
",BA,WH,M,FREN,SOCI,,FRENCH,1
2000,"Arts & Sciences
",BA,WH,F,FREN,SPAN,,FRENCH,1
2000,"Arts & Sciences
",BA,WH,F,GEOG,,,GEOGRAPHY,1
2000,"Arts & Sciences
",BS,WH,M,GEOG,,,GEOGRAPHY,2
2000,"Arts & Sciences
",BA,WH,M,GEOG,,,GEOGRAPHY,6
2000,"Arts & Sciences
",BS,WH,M,GEOL,,,GEOLOGY,1
2000,"Arts & Sciences
",BA,WH,F,GEOL,LAMS,,GEOLOGY,1
2000,"Arts & Sciences
",BA,WH,F,GERM,,,GERMAN,2
2000,"Arts & Sciences
",BA,WH,M,GERM,,,GERMAN,1
2000,"Arts & Sciences
",BA,WH,F,GPSP,,,GREAT PLAINS STUDIES PROGRAM,1
2000,"Arts & Sciences
",BA,UNK,F,HIST,,,HISTORY,1
2000,"Arts & Sciences
",BA,UNK,M,HIST,,,HISTORY,1
2000,"Arts & Sciences
",BA,WH,F,HIST,,,HISTORY,12
2000,"Arts & Sciences
",BA,WH,M,HIST,,,HISTORY,21
2000,"Arts & Sciences
",BA,WH,M,HIST,GERM,INTS,HISTORY,1
2000,"Arts & Sciences
",BA,UNK,F,HIST,LAMS,,HISTORY,1
2000,"Arts & Sciences
",BA,WH,M,HIST,POLS,,HISTORY,2
2000,"Arts & Sciences
",BA,UNK,M,IPST,,,INDIVIDUALIZED PROGRAM OF STUDIES,1
2000,"Arts & Sciences
",BS,WH,M,IPST,,,INDIVIDUALIZED PROGRAM OF STUDIES,1
2000,"Arts & Sciences
",BA,ASI,F,INTA,,,INTERNATIONAL AFFAIRS,1
2000,"Arts & Sciences
",BA,ASI,M,INTA,,,INTERNATIONAL AFFAIRS,2
2000,"Arts & Sciences
",BA,HISP,M,INTA,,,INTERNATIONAL AFFAIRS,1
2000,"Arts & Sciences
",BA,UNK,F,INTA,,,INTERNATIONAL AFFAIRS,1
2000,"Arts & Sciences
",BA,WH,F,INTA,,,INTERNATIONAL AFFAIRS,3
2000,"Arts & Sciences
",BA,WH,M,INTA,,,INTERNATIONAL AFFAIRS,3
2000,"Arts & Sciences
",BA,WH,M,INTA,ECON,,INTERNATIONAL AFFAIRS,1
2000,"Arts & Sciences
",BA,WH,M,INTA,ECON,SPAN,INTERNATIONAL AFFAIRS,1
2000,"Arts & Sciences
",BA,UNK,F,INTA,FREN,,INTERNATIONAL AFFAIRS,1
2000,"Arts & Sciences
",BA,WH,M,INTA,HIST,,INTERNATIONAL AFFAIRS,1
2000,"Arts & Sciences
",BA,WH,M,INTA,POLS,ECON,INTERNATIONAL AFFAIRS,1
2000,"Arts & Sciences
",BA,UNK,F,INTS,,,INTERNATIONAL STUDIES,1
2000,"Arts & Sciences
",BA,UNK,M,INTS,,,INTERNATIONAL STUDIES,1
2000,"Arts & Sciences
",BA,WH,F,INTS,,,INTERNATIONAL STUDIES,2
2000,"Arts & Sciences
",BA,WH,M,INTS,,,INTERNATIONAL STUDIES,1
2000,"Arts & Sciences
",BA,WH,F,INTS,FREN,POLS,INTERNATIONAL STUDIES,1
2000,"Arts & Sciences
",BA,HISP,F,LAMS,,,LATIN AMERICAN STUDIES,1
2000,"Arts & Sciences
",BA,WH,M,LAMS,,,LATIN AMERICAN STUDIES,1
2000,"Arts & Sciences
",BA,ASI,F,MATH,,,MATHEMATICS,1
2000,"Arts & Sciences
",BS,UNK,M,MATH,,,MATHEMATICS,1
2000,"Arts & Sciences
",BS,WH,F,MATH,,,MATHEMATICS,4
2000,"Arts & Sciences
",BA,WH,F,MATH,,,MATHEMATICS,2
2000,"Arts & Sciences
",BS,WH,M,MATH,,,MATHEMATICS,10
2000,"Arts & Sciences
",BS,UNK,M,MATH,COMP,,MATHEMATICS,1
2000,"Arts & Sciences
",BS,WH,F,MATH,COMP,,MATHEMATICS,1
2000,"Arts & Sciences
",BS,ASI,F,MATH,ECON,,MATHEMATICS,1
2000,"Arts & Sciences
",BS,WH,F,MATH,ECON,,MATHEMATICS,1
2000,"Arts & Sciences
",BS,WH,F,MATH,GERM,,MATHEMATICS,1
2000,"Arts & Sciences
",BS,WH,M,MATH,PHYS,,MATHEMATICS,1
2000,"Arts & Sciences
",BA,WH,M,MATH,POLS,,MATHEMATICS,1
2000,"Arts & Sciences
",BS,WH,M,MATH,PSYC,,MATHEMATICS,1
2000,"Arts & Sciences
",BA,WH,F,MRST,,,MEDIEVAL AND RENAISSANCE STUDIES,1
2000,"Arts & Sciences
",BS,ASI,M,METR,,,METEOROLOGY-CLIMATOLOGY,1
2000,"Arts & Sciences
",BS,UNK,M,METR,,,METEOROLOGY-CLIMATOLOGY,1
2000,"Arts & Sciences
",BS,WH,F,METR,,,METEOROLOGY-CLIMATOLOGY,3
2000,"Arts & Sciences
",BS,WH,M,METR,,,METEOROLOGY-CLIMATOLOGY,8
2000,"Arts & Sciences
",BA,UNK,M,PHIL,,,PHILOSOPHY,2
2000,"Arts & Sciences
",BA,WH,M,PHIL,,,PHILOSOPHY,1
2000,"Arts & Sciences
",BA,WH,M,PHIL,POLS,,PHILOSOPHY,2
2000,"Arts & Sciences
",BS,WH,M,PHYS,,,PHYSICS,2
2000,"Arts & Sciences
",BS,ASI,M,PHYS,ECON,,PHYSICS,1
2000,"Arts & Sciences
",BS,UNK,M,PHYS,MATH,,PHYSICS,1
2000,"Arts & Sciences
",BA,ASI,M,POLS,,,POLITICAL SCIENCE,1
2000,"Arts & Sciences
",BA,BLK,F,POLS,,,POLITICAL SCIENCE,1
2000,"Arts & Sciences
",BA,UNK,F,POLS,,,POLITICAL SCIENCE,1
2000,"Arts & Sciences
",BA,UNK,M,POLS,,,POLITICAL SCIENCE,2
2000,"Arts & Sciences
",BA,WH,F,POLS,,,POLITICAL SCIENCE,16
2000,"Arts & Sciences
",BA,WH,M,POLS,,,POLITICAL SCIENCE,19
2000,"Arts & Sciences
",BA,WH,M,POLS,ENGL,,POLITICAL SCIENCE,1
2000,"Arts & Sciences
",BA,WH,F,POLS,GERM,,POLITICAL SCIENCE,1
2000,"Arts & Sciences
",BA,WH,F,POLS,HIST,,POLITICAL SCIENCE,1
2000,"Arts & Sciences
",BA,WH,M,POLS,HIST,,POLITICAL SCIENCE,2
2000,"Arts & Sciences
",BA,WH,F,POLS,INTA,,POLITICAL SCIENCE,1
2000,"Arts & Sciences
",BA,WH,M,POLS,INTA,,POLITICAL SCIENCE,3
2000,"Arts & Sciences
",BA,WH,F,POLS,INTS,,POLITICAL SCIENCE,1
2000,"Arts & Sciences
",BA,WH,F,POLS,SOCI,,POLITICAL SCIENCE,1
2000,"Arts & Sciences
",BA,WH,M,POLS,SOCI,,POLITICAL SCIENCE,1
2000,"Arts & Sciences
",BA,AI/AN,F,PSYC,,,PSYCHOLOGY,1
2000,"Arts & Sciences
",BA,ASI,F,PSYC,,,PSYCHOLOGY,3
2000,"Arts & Sciences
",BA,BLK,M,PSYC,,,PSYCHOLOGY,1
2000,"Arts & Sciences
",BA,HISP,F,PSYC,,,PSYCHOLOGY,2
2000,"Arts & Sciences
",BA,UNK,F,PSYC,,,PSYCHOLOGY,3
2000,"Arts & Sciences
",BA,UNK,M,PSYC,,,PSYCHOLOGY,3
2000,"Arts & Sciences
",BS,WH,F,PSYC,,,PSYCHOLOGY,7
2000,"Arts & Sciences
",BA,WH,F,PSYC,,,PSYCHOLOGY,115
2000,"Arts & Sciences
",BS,WH,M,PSYC,,,PSYCHOLOGY,1
2000,"Arts & Sciences
",BA,WH,M,PSYC,,,PSYCHOLOGY,41
2000,"Arts & Sciences
",BS,WH,F,PSYC,BIOC,,PSYCHOLOGY,1
2000,"Arts & Sciences
",BS,UNK,F,PSYC,BIOS,,PSYCHOLOGY,1
2000,"Arts & Sciences
",BA,WH,F,PSYC,BIOS,,PSYCHOLOGY,1
2000,"Arts & Sciences
",BA,WH,F,PSYC,ENGL,,PSYCHOLOGY,5
2000,"Arts & Sciences
",BA,WH,F,PSYC,GERM,,PSYCHOLOGY,1
2000,"Arts & Sciences
",BA,WH,F,PSYC,HIST,,PSYCHOLOGY,2
2000,"Arts & Sciences
",BA,WH,F,PSYC,POLS,,PSYCHOLOGY,1
2000,"Arts & Sciences
",BA,ASI,F,PSYC,SOCI,,PSYCHOLOGY,1
2000,"Arts & Sciences
",BA,WH,F,PSYC,SOCI,,PSYCHOLOGY,1
2000,"Arts & Sciences
",BS,WH,F,PSYC,SPAN,,PSYCHOLOGY,1
2000,"Arts & Sciences
",BA,WH,F,PSYC,SPAN,,PSYCHOLOGY,1
2000,"Arts & Sciences
",BA,WH,F,PGEN,,,PSYCHOLOGY - GENERAL STUDIES,1
2000,"Arts & Sciences
",BA,WH,F,RUSS,,,RUSSIAN,2
2000,"Arts & Sciences
",BA,WH,M,RUSS,SOCI,EURO,RUSSIAN,1
2000,"Arts & Sciences
",BA,BLK,F,SOCI,,,SOCIOLOGY,3
2000,"Arts & Sciences
",BA,BLK,M,SOCI,,,SOCIOLOGY,3
2000,"Arts & Sciences
",BA,HISP,F,SOCI,,,SOCIOLOGY,1
2000,"Arts & Sciences
",BA,HISP,M,SOCI,,,SOCIOLOGY,1
2000,"Arts & Sciences
",BA,UNK,F,SOCI,,,SOCIOLOGY,2
2000,"Arts & Sciences
",BA,UNK,M,SOCI,,,SOCIOLOGY,1
2000,"Arts & Sciences
",BA,WH,F,SOCI,,,SOCIOLOGY,14
2000,"Arts & Sciences
",BA,WH,M,SOCI,,,SOCIOLOGY,13
2000,"Arts & Sciences
",BA,UNK,M,SOCI,FILM,,SOCIOLOGY,1
2000,"Arts & Sciences
",BA,WH,M,SOCI,LAMS,,SOCIOLOGY,1
2000,"Arts & Sciences
",BA,WH,M,SOCI,MATH,,SOCIOLOGY,1
2000,"Arts & Sciences
",BA,WH,F,SOCI,PSYC,,SOCIOLOGY,1
2000,"Arts & Sciences
",BA,WH,F,SOCI,SPAN,LAMS,SOCIOLOGY,1
2000,"Arts & Sciences
",BA,WH,F,SOCI,WMNS,,SOCIOLOGY,1
2000,"Arts & Sciences
",BA,HISP,M,SPAN,,,SPANISH,1
2000,"Arts & Sciences
",BA,UNK,F,SPAN,,,SPANISH,1
2000,"Arts & Sciences
",BA,UNK,M,SPAN,,,SPANISH,1
2000,"Arts & Sciences
",BA,WH,F,SPAN,,,SPANISH,7
2000,"Arts & Sciences
",BA,WH,M,SPAN,,,SPANISH,1
2000,"Arts & Sciences
",BA,UNK,F,SPAN,ANTH,,SPANISH,1
2000,"Arts & Sciences
",BA,WH,F,SPAN,EURO,,SPANISH,1
2000,"Arts & Sciences
",BA,WH,M,SPAN,INTS,,SPANISH,1
2000,"Arts & Sciences
",BA,WH,F,SPAN,LAMS,,SPANISH,2
2000,"Arts & Sciences
",BA,WH,F,SLPA,,,SPEECH-LANGUAGE PATHOLOGY & AUDIOLOGY,2
2000,"Arts & Sciences
",BA,WH,M,USTD,,,UNIVERSITY STUDIES,2
2000,"Arts & Sciences
",BA,WH,F,WMNS,,,WOMEN'S STUDIES,3
2000,"Arts & Sciences
",BA,WH,F,WMNS,SPAN,,WOMEN'S STUDIES,1
2000,"Business
",BSBA,WH,F,BLNK,,,* OLD CURRICULUM,1
2000,"Business
",BSBA,WH,M,BLNK,,,* OLD CURRICULUM,1
2000,"Business
",BSBA,AI/AN,F,ACCG,,,ACCOUNTING,1
2000,"Business
",BSBA,UNK,F,ACCG,,,ACCOUNTING,1
2000,"Business
",BSBA,WH,F,ACCG,,,ACCOUNTING,15
2000,"Business
",BSBA,WH,M,ACCG,,,ACCOUNTING,16
2000,"Business
",BSBA,ASI,F,ACCG,BSAD,,ACCOUNTING,1
2000,"Business
",BSBA,WH,M,ACCG,FINA,,ACCOUNTING,1
2000,"Business
",BSBA,ASI,M,ACCG,MNGT,,ACCOUNTING,1
2000,"Business
",BSBA,WH,F,ACCG,MNGT,,ACCOUNTING,1
2000,"Business
",BSBA,WH,M,ACCG,MNGT,,ACCOUNTING,2
2000,"Business
",BSBA,ASI,M,ACTS,,,ACTUARIAL SCIENCE,2
2000,"Business
",BSBA,UNK,F,ACTS,,,ACTUARIAL SCIENCE,1
2000,"Business
",BSBA,WH,F,ACTS,,,ACTUARIAL SCIENCE,2
2000,"Business
",BSBA,WH,M,ACTS,,,ACTUARIAL SCIENCE,6
2000,"Business
",BSBA,WH,M,ABUS,,,AGRIBUSINESS,7
2000,"Business
",BSBA,ASI,F,BSAD,,,BUSINESS ADMINISTRATION,1
2000,"Business
",BSBA,ASI,M,BSAD,,,BUSINESS ADMINISTRATION,1
2000,"Business
",BSBA,UNK,M,BSAD,,,BUSINESS ADMINISTRATION,4
2000,"Business
",BSBA,WH,F,BSAD,,,BUSINESS ADMINISTRATION,42
2000,"Business
",BSBA,WH,M,BSAD,,,BUSINESS ADMINISTRATION,65
2000,"Business
",BSBA,WH,F,BSAD,MNGT,,BUSINESS ADMINISTRATION,1
2000,"Business
",BSBA,AI/AN,F,BSAD,MRKT,,BUSINESS ADMINISTRATION,1
2000,"Business
",BSBA,BLK,F,BAAC,,,BUSINESS ADMINISTRATION WITH ACCOUNTING EMPHASIS,1
2000,"Business
",BSBA,BLK,M,BAAC,,,BUSINESS ADMINISTRATION WITH ACCOUNTING EMPHASIS,1
2000,"Business
",BSBA,UNK,F,BAAC,,,BUSINESS ADMINISTRATION WITH ACCOUNTING EMPHASIS,2
2000,"Business
",BSBA,WH,F,BAAC,,,BUSINESS ADMINISTRATION WITH ACCOUNTING EMPHASIS,18
2000,"Business
",BSBA,WH,M,BAAC,,,BUSINESS ADMINISTRATION WITH ACCOUNTING EMPHASIS,21
2000,"Business
",BSBA,WH,F,BAAC,FINA,,BUSINESS ADMINISTRATION WITH ACCOUNTING EMPHASIS,1
2000,"Business
",BSBA,WH,M,BAAC,FINA,,BUSINESS ADMINISTRATION WITH ACCOUNTING EMPHASIS,1
2000,"Business
",BSBA,ASI,F,ECON,,,ECONOMICS,1
2000,"Business
",BSBA,WH,F,ECON,,,ECONOMICS,1
2000,"Business
",BSBA,WH,M,ECON,,,ECONOMICS,4
2000,"Business
",BSBA,WH,M,ECON,IBUS,,ECONOMICS,1
2000,"Business
",BSBA,ASI,M,ECON,MNGT,,ECONOMICS,1
2000,"Business
",BSBA,WH,F,ECON,MNGT,,ECONOMICS,1
2000,"Business
",BSBA,ASI,F,FINA,,,FINANCE,1
2000,"Business
",BSBA,ASI,M,FINA,,,FINANCE,4
2000,"Business
",BSBA,BLK,F,FINA,,,FINANCE,1
2000,"Business
",BSBA,BLK,M,FINA,,,FINANCE,1
2000,"Business
",BSBA,HISP,M,FINA,,,FINANCE,1
2000,"Business
",BSBA,UNK,F,FINA,,,FINANCE,2
2000,"Business
",BSBA,UNK,M,FINA,,,FINANCE,4
2000,"Business
",BSBA,WH,F,FINA,,,FINANCE,42
2000,"Business
",BSBA,WH,M,FINA,,,FINANCE,90
2000,"Business
",BSBA,ASI,F,FINA,MNGT,,FINANCE,2
2000,"Business
",BSBA,ASI,M,FINA,MNGT,,FINANCE,1
2000,"Business
",BSBA,HISP,M,FINA,MNGT,,FINANCE,1
2000,"Business
",BSBA,WH,F,FINA,MNGT,,FINANCE,1
2000,"Business
",BSBA,WH,M,FINA,MNGT,,FINANCE,4
2000,"Business
",BSBA,WH,F,FINA,MRKT,,FINANCE,1
2000,"Business
",BSBA,ASI,M,IBUS,,,INTERNATIONAL BUSINESS,1
2000,"Business
",BSBA,WH,F,IBUS,,,INTERNATIONAL BUSINESS,8
2000,"Business
",BSBA,WH,M,IBUS,,,INTERNATIONAL BUSINESS,14
2000,"Business
",BSBA,HISP,M,IBUS,ECON,,INTERNATIONAL BUSINESS,1
2000,"Business
",BSBA,ASI,F,MNGT,,,MANAGEMENT,11
2000,"Business
",BSBA,ASI,M,MNGT,,,MANAGEMENT,10
2000,"Business
",BSBA,BLK,M,MNGT,,,MANAGEMENT,2
2000,"Business
",BSBA,UNK,F,MNGT,,,MANAGEMENT,2
2000,"Business
",BSBA,UNK,M,MNGT,,,MANAGEMENT,4
2000,"Business
",BSBA,WH,F,MNGT,,,MANAGEMENT,35
2000,"Business
",BSBA,WH,M,MNGT,,,MANAGEMENT,50
2000,"Business
",BSBA,WH,M,MNGT,ECON,,MANAGEMENT,1
2000,"Business
",BSBA,ASI,M,MNGT,FINA,,MANAGEMENT,2
2000,"Business
",BSBA,ASI,F,MNGT,MRKT,,MANAGEMENT,4
2000,"Business
",BSBA,ASI,F,MRKT,,,MARKETING,1
2000,"Business
",BSBA,ASI,M,MRKT,,,MARKETING,1
2000,"Business
",BSBA,BLK,F,MRKT,,,MARKETING,1
2000,"Business
",BSBA,BLK,M,MRKT,,,MARKETING,1
2000,"Business
",BSBA,UNK,F,MRKT,,,MARKETING,2
2000,"Business
",BSBA,UNK,M,MRKT,,,MARKETING,1
2000,"Business
",BSBA,WH,F,MRKT,,,MARKETING,41
2000,"Business
",BSBA,WH,M,MRKT,,,MARKETING,41
2000,"Business
",BSBA,WH,M,MRKT,IBUS,,MARKETING,1
2000,"Business
",BSBA,HISP,M,MRKT,MNGT,,MARKETING,1
2000,"Business
",BSBA,WH,F,MRKT,MNGT,,MARKETING,1
2000,"Engineering
",BSAE,WH,M,AENG,,,AGRICULTURAL ENGINEERING,6
2000,"Engineering
",BSAR,WH,M,,,,ARCHITECTURAL ENGINEERING (OMAHA),4
2000,"Engineering
",BSBS,ASI,M,BSE,,,BIOLOGICAL SYSTEMS ENGINEERING,1
2000,"Engineering
",BSBS,WH,F,BSE,,,BIOLOGICAL SYSTEMS ENGINEERING,4
2000,"Engineering
",BSBS,WH,M,BSE,,,BIOLOGICAL SYSTEMS ENGINEERING,13
2000,"Engineering
",BSCH,ASI,F,CHME,,,CHEMICAL ENGINEERING,1
2000,"Engineering
",BSCH,UNK,M,CHME,,,CHEMICAL ENGINEERING,1
2000,"Engineering
",BSCH,WH,F,CHME,,,CHEMICAL ENGINEERING,4
2000,"Engineering
",BSCH,WH,M,CHME,,,CHEMICAL ENGINEERING,14
2000,"Engineering
",BSCE,UNK,M,CIVE,,,CIVIL ENGINEERING,1
2000,"Engineering
",BSCE,WH,F,CIVE,,,CIVIL ENGINEERING,7
2000,"Engineering
",BSCE,WH,M,CIVE,,,CIVIL ENGINEERING,26
2000,"Engineering
",BSCE,HISP,M,,,,CIVIL ENGINEERING (OMAHA),1
2000,"Engineering
",BSCE,WH,F,,,,CIVIL ENGINEERING (OMAHA),2
2000,"Engineering
",BSCE,WH,M,,,,CIVIL ENGINEERING (OMAHA),9
2000,"Engineering
",BSCP,ASI,M,CENG,,,COMPUTER ENGINEERING,2
2000,"Engineering
",BSCP,BLK,M,CENG,,,COMPUTER ENGINEERING,1
2000,"Engineering
",BSCP,HISP,M,CENG,,,COMPUTER ENGINEERING,1
2000,"Engineering
",BSCP,UNK,M,CENG,,,COMPUTER ENGINEERING,1
2000,"Engineering
",BSCP,WH,F,CENG,,,COMPUTER ENGINEERING,1
2000,"Engineering
",BSCP,WH,M,CENG,,,COMPUTER ENGINEERING,26
2000,"Engineering
",BSCP,WH,F,,,,COMPUTER ENGINEERING (OMAHA),3
2000,"Engineering
",BSCP,WH,M,,,,COMPUTER ENGINEERING (OMAHA),5
2000,"Engineering
",BSET,UNK,M,,,,CONSTRUCTION ENGINEERING TECHNOLOGY (OMAHA),1
2000,"Engineering
",BSET,WH,F,,,,CONSTRUCTION ENGINEERING TECHNOLOGY (OMAHA),1
2000,"Engineering
",BSET,WH,M,,,,CONSTRUCTION ENGINEERING TECHNOLOGY (OMAHA),15
2000,"Engineering
",BSCM,AI/AN,M,CNST,,,CONSTRUCTION MANAGEMENT,1
2000,"Engineering
",BSCM,BLK,M,CNST,,,CONSTRUCTION MANAGEMENT,1
2000,"Engineering
",BSCM,HISP,M,CNST,,,CONSTRUCTION MANAGEMENT,1
2000,"Engineering
",BSCM,UNK,M,CNST,,,CONSTRUCTION MANAGEMENT,2
2000,"Engineering
",BSCM,WH,F,CNST,,,CONSTRUCTION MANAGEMENT,3
2000,"Engineering
",BSCM,WH,M,CNST,,,CONSTRUCTION MANAGEMENT,50
2000,"Engineering
",BSEE,ASI,M,ELEC,,,ELECTRICAL ENGINEERING,4
2000,"Engineering
",BSEE,BLK,F,ELEC,,,ELECTRICAL ENGINEERING,1
2000,"Engineering
",BSEE,UNK,M,ELEC,,,ELECTRICAL ENGINEERING,3
2000,"Engineering
",BSEE,WH,F,ELEC,,,ELECTRICAL ENGINEERING,1
2000,"Engineering
",BSEE,WH,M,ELEC,,,ELECTRICAL ENGINEERING,26
2000,"Engineering
",BSEL,ASI,F,,,,ELECTRONICS ENGINEERING (OMAHA),1
2000,"Engineering
",BSEL,ASI,M,,,,ELECTRONICS ENGINEERING (OMAHA),1
2000,"Engineering
",BSEL,WH,M,,,,ELECTRONICS ENGINEERING (OMAHA),4
2000,"Engineering
",BSET,WH,M,,,,ELECTRONICS ENGINEERING TECHNOLOGY (OMAHA),4
2000,"Engineering
",ATC,WH,M,,,,FIRE PROTECTION TECHNOLOGY (OMAHA),3
2000,"Engineering
",BSIE,ASI,F,INDE,,,INDUSTRIAL ENGINEERING,1
2000,"Engineering
",BSIE,ASI,M,INDE,,,INDUSTRIAL ENGINEERING,3
2000,"Engineering
",BSIE,HISP,F,INDE,,,INDUSTRIAL ENGINEERING,2
2000,"Engineering
",BSIE,UNK,F,INDE,,,INDUSTRIAL ENGINEERING,2
2000,"Engineering
",BSIE,WH,F,INDE,,,INDUSTRIAL ENGINEERING,3
2000,"Engineering
",BSIE,WH,M,INDE,,,INDUSTRIAL ENGINEERING,3
2000,"Engineering
",BSIT,ASI,M,,,,INDUSTRIAL TECHNOLOGY (OMAHA),1
2000,"Engineering
",BSIT,WH,M,,,,INDUSTRIAL TECHNOLOGY (OMAHA),1
2000,"Engineering
",BS,WH,M,EINT,,,INTERDISCIPLINARY STUDIES,1
2000,"Engineering
",BSET,ASI,M,,,,MANUFACTURING ENGINEERING TECHNOLOGY (OMAHA),2
2000,"Engineering
",BSET,WH,M,,,,MANUFACTURING ENGINEERING TECHNOLOGY (OMAHA),7
2000,"Engineering
",BSME,ASI,M,MECH,,,MECHANICAL ENGINEERING,1
2000,"Engineering
",BSME,HISP,M,MECH,,,MECHANICAL ENGINEERING,1
2000,"Engineering
",BSME,UNK,M,MECH,,,MECHANICAL ENGINEERING,2
2000,"Engineering
",BSME,WH,F,MECH,,,MECHANICAL ENGINEERING,1
2000,"Engineering
",BSME,WH,M,MECH,,,MECHANICAL ENGINEERING,63
2000,Fine & Perf Arts,BFA,ASI,F,ART,,,ART,1
2000,Fine & Perf Arts,BA,BLK,M,ART,,,ART,1
2000,Fine & Perf Arts,BFA,HISP,M,ART,,,ART,1
2000,Fine & Perf Arts,BFA,UNK,F,ART,,,ART,1
2000,Fine & Perf Arts,BFA,UNK,M,ART,,,ART,1
2000,Fine & Perf Arts,BFA,WH,F,ART,,,ART,25
2000,Fine & Perf Arts,BA,WH,F,ART,,,ART,6
2000,Fine & Perf Arts,BFA,WH,M,ART,,,ART,14
2000,Fine & Perf Arts,BA,WH,F,AHCR,,,ART HISTORY AND CRITICISM,2
2000,Fine & Perf Arts,BA,WH,M,AHCR,,,ART HISTORY AND CRITICISM,1
2000,Fine & Perf Arts,BA,WH,F,AHCR,ENGL,,ART HISTORY AND CRITICISM,1
2000,Fine & Perf Arts,BFA,UNK,M,DANC,,,DANCE,1
2000,Fine & Perf Arts,BFA,WH,F,DANC,,,DANCE,7
2000,Fine & Perf Arts,BA,ASI,F,MUSC,,,MUSIC,1
2000,Fine & Perf Arts,BM,UNK,M,MUSC,,,MUSIC,1
2000,Fine & Perf Arts,BM,WH,F,MUSC,,,MUSIC,5
2000,Fine & Perf Arts,BA,WH,F,MUSC,,,MUSIC,6
2000,Fine & Perf Arts,BM,WH,M,MUSC,,,MUSIC,3
2000,Fine & Perf Arts,BA,WH,M,MUSC,,,MUSIC,1
2000,Fine & Perf Arts,BMED,BLK,M,MUED,,,MUSIC EDUCATION,1
2000,Fine & Perf Arts,BMED,UNK,F,MUED,,,MUSIC EDUCATION,1
2000,Fine & Perf Arts,BMED,WH,F,MUED,,,MUSIC EDUCATION,7
2000,Fine & Perf Arts,BMED,WH,M,MUED,,,MUSIC EDUCATION,6
2000,Fine & Perf Arts,BMED,WH,F,MUVI,,,"MUSIC, VOCAL & INSTRUMENTAL K-12",1
2000,Fine & Perf Arts,BA,ASI,F,THEA,,,THEATRE ARTS,1
2000,Fine & Perf Arts,BA,WH,F,THEA,,,THEATRE ARTS,7
2000,Fine & Perf Arts,BFA,WH,M,THEA,,,THEATRE ARTS,1
2000,Fine & Perf Arts,BA,WH,M,THEA,,,THEATRE ARTS,6
2000,"Human Res & Family Sci
",BSHF,ASI,F,,,,FAMILY AND CONSUMER SCIENCE (OMAHA),2
2000,"Human Res & Family Sci
",BSHF,BLK,F,,,,FAMILY AND CONSUMER SCIENCE (OMAHA),3
2000,"Human Res & Family Sci
",BSHF,BLK,M,,,,FAMILY AND CONSUMER SCIENCE (OMAHA),2
2000,"Human Res & Family Sci
",BSHF,WH,F,,,,FAMILY AND CONSUMER SCIENCE (OMAHA),20
2000,"Human Res & Family Sci
",BSHF,WH,M,,,,FAMILY AND CONSUMER SCIENCE (OMAHA),1
2000,"Human Res & Family Sci
",BSHF,ASI,F,FACS,,,FAMILY AND CONSUMER SCIENCES,2
2000,"Human Res & Family Sci
",BSHF,BLK,M,FACS,,,FAMILY AND CONSUMER SCIENCES,1
2000,"Human Res & Family Sci
",BSHF,HISP,F,FACS,,,FAMILY AND CONSUMER SCIENCES,1
2000,"Human Res & Family Sci
",BSHF,WH,F,FACS,,,FAMILY AND CONSUMER SCIENCES,60
2000,"Human Res & Family Sci
",BSHF,WH,M,FACS,,,FAMILY AND CONSUMER SCIENCES,1
2000,"Human Res & Family Sci
",BSHF,ASI,F,NUTR,,,NUTRITIONAL SCIENCE AND DIETETICS,2
2000,"Human Res & Family Sci
",BSHF,HISP,F,NUTR,,,NUTRITIONAL SCIENCE AND DIETETICS,1
2000,"Human Res & Family Sci
",BSHF,UNK,F,NUTR,,,NUTRITIONAL SCIENCE AND DIETETICS,1
2000,"Human Res & Family Sci
",BSHF,WH,F,NUTR,,,NUTRITIONAL SCIENCE AND DIETETICS,16
2000,"Human Res & Family Sci
",BSHF,WH,M,NUTR,,,NUTRITIONAL SCIENCE AND DIETETICS,2
2000,"Human Res & Family Sci
",BSHF,WH,F,,,,NUTRITIONAL SCIENCE AND DIETETICS (OMAHA),8
2000,"Human Res & Family Sci
",BSHF,WH,M,,,,NUTRITIONAL SCIENCE AND DIETETICS (OMAHA),1
2000,"Human Res & Family Sci
",BSHF,BLK,F,,,,"TEXTILES, CLOTHING & DESIGN (OMAHA)",1
2000,"Human Res & Family Sci
",BSHF,WH,F,,,,"TEXTILES, CLOTHING & DESIGN (OMAHA)",1
2000,"Human Res & Family Sci
",BSHF,BLK,F,TXCD,,,"TEXTILES, CLOTHING AND DESIGN",1
2000,"Human Res & Family Sci
",BSHF,WH,F,TXCD,,,"TEXTILES, CLOTHING AND DESIGN",12
2000,Journ & Mass Comm,BJ,BLK,M,ADVT,,,ADVERTISING,2
2000,Journ & Mass Comm,BJ,UNK,F,ADVT,,,ADVERTISING,1
2000,Journ & Mass Comm,BJ,UNK,M,ADVT,,,ADVERTISING,2
2000,Journ & Mass Comm,BJ,WH,F,ADVT,,,ADVERTISING,61
2000,Journ & Mass Comm,BJ,WH,M,ADVT,,,ADVERTISING,39
2000,Journ & Mass Comm,BJ,WH,F,ADVT,BRDC,,ADVERTISING,1
2000,Journ & Mass Comm,BJ,WH,F,ADVT,PSYC,,ADVERTISING,1
2000,Journ & Mass Comm,BJ,ASI,F,BRDC,,,BROADCASTING,1
2000,Journ & Mass Comm,BJ,BLK,F,BRDC,,,BROADCASTING,1
2000,Journ & Mass Comm,BJ,BLK,M,BRDC,,,BROADCASTING,1
2000,Journ & Mass Comm,BJ,HISP,F,BRDC,,,BROADCASTING,1
2000,Journ & Mass Comm,BJ,UNK,F,BRDC,,,BROADCASTING,2
2000,Journ & Mass Comm,BJ,UNK,M,BRDC,,,BROADCASTING,1
2000,Journ & Mass Comm,BJ,WH,F,BRDC,,,BROADCASTING,26
2000,Journ & Mass Comm,BJ,WH,M,BRDC,,,BROADCASTING,30
2000,Journ & Mass Comm,BJ,UNK,M,BRDC,ADVT,,BROADCASTING,1
2000,Journ & Mass Comm,BJ,WH,F,BRDC,ADVT,,BROADCASTING,2
2000,Journ & Mass Comm,BJ,BLK,F,NEWS,,,NEWS AND EDITORIAL,1
2000,Journ & Mass Comm,BJ,UNK,M,NEWS,,,NEWS AND EDITORIAL,1
2000,Journ & Mass Comm,BJ,WH,F,NEWS,,,NEWS AND EDITORIAL,17
2000,Journ & Mass Comm,BJ,WH,M,NEWS,,,NEWS AND EDITORIAL,14
2000,Journ & Mass Comm,BJ,WH,F,NEWS,BRDC,,NEWS AND EDITORIAL,1
2000,"Law
",JD,ASI,F,LAW,,,LAW,3
2000,"Law
",JD,ASI,M,LAW,,,LAW,1
2000,"Law
",JD,BLK,M,LAW,,,LAW,2
2000,"Law
",JD,HISP,F,LAW,,,LAW,1
2000,"Law
",JD,HISP,M,LAW,,,LAW,1
2000,"Law
",JD,UNK,M,LAW,,,LAW,2
2000,"Law
",JD,WH,F,LAW,,,LAW,47
2000,"Law
",JD,WH,M,LAW,,,LAW,63
2000,Teachers,BSED,WH,F,ARM,,,ADMINISTRATIVE RESOURCE MANAGEMENT,4
2000,Teachers,BSED,WH,F,ART2,,,ART K-12,3
2000,Teachers,BSED,WH,M,ART2,,,ART K-12,1
2000,Teachers,BSED,WH,M,ATHT,,,ATHLETIC TRAINING,2
2000,Teachers,BSED,WH,F,BSED,,,BUSINESS EDUCATION,1
2000,Teachers,BSED,WH,F,BSED,DVOC,,BUSINESS EDUCATION,3
2000,Teachers,BSED,WH,M,BSED,DVOC,,BUSINESS EDUCATION,2
2000,Teachers,BSED,WH,F,CHEM,MATH,,CHEMISTRY,1
2000,Teachers,BSED,ASI,M,CHE,,,COMMUNITY HEALTH EDUCATION,1
2000,Teachers,BSED,WH,F,CHE,,,COMMUNITY HEALTH EDUCATION,11
2000,Teachers,BSED,WH,M,CHE,,,COMMUNITY HEALTH EDUCATION,5
2000,Teachers,BSED,UNK,F,SPM3,,,ELEMENTARY ED & SPCL ED-MILD/MOD DISABILITIES K-9,1
2000,Teachers,BSED,WH,F,SPM3,,,ELEMENTARY ED & SPCL ED-MILD/MOD DISABILITIES K-9,19
2000,Teachers,BSED,WH,M,SPM3,,,ELEMENTARY ED & SPCL ED-MILD/MOD DISABILITIES K-9,2
2000,Teachers,BSED,WH,F,ECED,,,ELEMENTARY EDUC AND EARLY CHILDHOOD EDUCATION,2
2000,Teachers,BSED,BLK,F,ELED,,,ELEMENTARY EDUCATION,2
2000,Teachers,BSED,UNK,F,ELED,,,ELEMENTARY EDUCATION,2
2000,Teachers,BSED,UNK,M,ELED,,,ELEMENTARY EDUCATION,1
2000,Teachers,BSED,WH,F,ELED,,,ELEMENTARY EDUCATION,71
2000,Teachers,BSED,WH,M,ELED,,,ELEMENTARY EDUCATION,16
2000,Teachers,BSED,WH,F,ELED,COAC,,ELEMENTARY EDUCATION,1
2000,Teachers,BSED,WH,F,ELED,HEAR,,ELEMENTARY EDUCATION,3
2000,Teachers,BSED,WH,F,ELAR,,,ELEMENTARY EDUCATION AND ART K-6,1
2000,Teachers,BSED,WH,F,ELPE,,,ELEMENTARY EDUCATION-PHYSICAL EDUCATION K-6,1
2000,Teachers,BSED,UNK,F,ENGL,,,ENGLISH,1
2000,Teachers,BSED,WH,F,ENGL,,,ENGLISH,10
2000,Teachers,BSED,WH,M,ENGL,,,ENGLISH,2
2000,Teachers,BSED,WH,F,ENGL,FREN,,ENGLISH,1
2000,Teachers,BSED,WH,F,EXSC,,,EXERCISE SCIENCE,23
2000,Teachers,BSED,WH,M,EXSC,,,EXERCISE SCIENCE,21
2000,Teachers,BSED,WH,M,EXSC,ATHT,,EXERCISE SCIENCE,1
2000,Teachers,BSED,WH,F,FREN,ESL,,FRENCH,1
2000,Teachers,BSED,WH,F,GEOH,,,GEOGRAPHY AND HISTORY,1
2000,Teachers,BSED,HISP,M,GEOH,COAC,,GEOGRAPHY AND HISTORY,1
2000,Teachers,BSED,WH,F,HLTH,PE2,,HEALTH EDUCATION,1
2000,Teachers,BSED,WH,M,ITEC,,,INDUSTRIAL TECHNOLOGY EDUCATION,8
2000,Teachers,BSED,WH,M,ITEC,COAC,,INDUSTRIAL TECHNOLOGY EDUCATION,1
2000,Teachers,BSED,WH,F,MKED,,,MARKETING EDUCATION AND BASIC BUSINESS,1
2000,Teachers,BSED,WH,M,MKED,,,MARKETING EDUCATION AND BASIC BUSINESS,1
2000,Teachers,BSED,WH,F,MATH,,,MATHEMATICS,4
2000,Teachers,BSED,WH,M,MATH,,,MATHEMATICS,3
2000,Teachers,BSED,UNK,M,MATH,COAC,,MATHEMATICS,1
2000,Teachers,BSED,WH,F,MATH,COAC,,MATHEMATICS,2
2000,Teachers,BSED,WH,M,MATH,COAC,,MATHEMATICS,1
2000,Teachers,BSED,WH,F,MATH,SPAN,,MATHEMATICS,1
2000,Teachers,BSED,ASI,F,MIDD,,,MIDDLE GRADES EDUCATION,1
2000,Teachers,BSED,WH,F,MIDD,,,MIDDLE GRADES EDUCATION,5
2000,Teachers,BSED,WH,M,MIDD,,,MIDDLE GRADES EDUCATION,3
2000,Teachers,BSED,WH,F,MIDD,COAC,,MIDDLE GRADES EDUCATION,1
2000,Teachers,BSED,WH,F,MIDD,ESL,,MIDDLE GRADES EDUCATION,1
2000,Teachers,BSED,WH,F,MIDD,HIST,,MIDDLE GRADES EDUCATION,1
2000,Teachers,BSED,WH,F,NTSC,,,NATURAL SCIENCE,3
2000,Teachers,BSED,WH,M,NTSC,,,NATURAL SCIENCE,4
2000,Teachers,BSED,UNK,M,NTSC,COAC,,NATURAL SCIENCE,1
2000,Teachers,BSED,WH,M,PE2,HLTH,,PHYSICAL EDUCATION 7-12,1
2000,Teachers,BSED,WH,M,PE2,HLTH,COAC,PHYSICAL EDUCATION 7-12,1
2000,Teachers,BSED,WH,M,PE1,,,PHYSICAL EDUCATION K-6 AND 7-12,1
2000,Teachers,BSED,WH,F,PE1,COAC,,PHYSICAL EDUCATION K-6 AND 7-12,1
2000,Teachers,BSED,WH,M,PE1,COAC,,PHYSICAL EDUCATION K-6 AND 7-12,1
2000,Teachers,BSED,WH,F,PSHS,,,POLITICAL SCIENCE AND HISTORY,1
2000,Teachers,BSED,WH,M,PSHS,,,POLITICAL SCIENCE AND HISTORY,1
2000,Teachers,BSED,UNK,M,SSCI,,,SOCIAL SCIENCE,1
2000,Teachers,BSED,WH,F,SSCI,,,SOCIAL SCIENCE,4
2000,Teachers,BSED,WH,M,SSCI,,,SOCIAL SCIENCE,5
2000,Teachers,BSED,WH,F,SSCI,COAC,,SOCIAL SCIENCE,2
2000,Teachers,BSED,WH,M,SSCI,COAC,,SOCIAL SCIENCE,1
2000,Teachers,BSED,WH,F,SPAN,,,SPANISH,4
2000,Teachers,BSED,WH,F,SPAN,ENGL,,SPANISH,1
2000,Teachers,BSED,WH,F,SPAN,ESL,,SPANISH,4
2000,Teachers,BSED,WH,M,SPAN,ESL,,SPANISH,1
2000,Teachers,BSED,WH,F,SPFL,ESL,,SPANISH 7-12 AND SPANISH K-6,1
2000,Teachers,BSED,WH,F,SPM4,,,SPECIAL EDUCATION-MILD/MODERATE DISABILITIES 7-12,3
2000,Teachers,BSED,WH,M,SPM4,,,SPECIAL EDUCATION-MILD/MODERATE DISABILITIES 7-12,4
2000,Teachers,BSED,WH,F,SPM4,HEAR,,SPECIAL EDUCATION-MILD/MODERATE DISABILITIES 7-12,1
2000,Teachers,BSED,WH,F,SPEN,,,SPEECH AND ENGLISH,2
2000,Teachers,BSED,WH,F,SPLP,,,SPEECH-LANGUAGE PATHOLOGIST,25
2000,Teachers,BSED,WH,M,SPLP,,,SPEECH-LANGUAGE PATHOLOGIST,2
2000,Teachers,BSED,WH,F,DRAM,,,"SPEECH, DRAMA AND ENGLISH",1
2000,"Grad Studies - Agri Sci & Natl Res
",MS,ASI,M,ABSE,,,AGRICULTURAL & BIOLOGICAL SYSTEMS ENGINEERING,2
2000,"Grad Studies - Agri Sci & Natl Res
",MS,WH,M,ABSE,,,AGRICULTURAL & BIOLOGICAL SYSTEMS ENGINEERING,1
2000,"Grad Studies - Agri Sci & Natl Res
",PHD,ASI,F,AECN,,,AGRICULTURAL ECONOMICS,1
2000,"Grad Studies - Agri Sci & Natl Res
",PHD,ASI,M,AECN,,,AGRICULTURAL ECONOMICS,1
2000,"Grad Studies - Agri Sci & Natl Res
",PHD,HISP,M,AECN,,,AGRICULTURAL ECONOMICS,1
2000,"Grad Studies - Agri Sci & Natl Res
",PHD,WH,F,AECN,,,AGRICULTURAL ECONOMICS,1
2000,"Grad Studies - Agri Sci & Natl Res
",PHD,WH,M,AECN,,,AGRICULTURAL ECONOMICS,1
2000,"Grad Studies - Agri Sci & Natl Res
",MS,WH,M,AECN,,,AGRICULTURAL ECONOMICS,1
2000,"Grad Studies - Agri Sci & Natl Res
",MS,ASI,F,AGRO,,,AGRONOMY,1
2000,"Grad Studies - Agri Sci & Natl Res
",PHD,ASI,M,AGRO,,,AGRONOMY,1
2000,"Grad Studies - Agri Sci & Natl Res
",PHD,HISP,M,AGRO,,,AGRONOMY,2
2000,"Grad Studies - Agri Sci & Natl Res
",MS,UNK,M,AGRO,,,AGRONOMY,1
2000,"Grad Studies - Agri Sci & Natl Res
",PHD,WH,F,AGRO,,,AGRONOMY,1
2000,"Grad Studies - Agri Sci & Natl Res
",MS,WH,F,AGRO,,,AGRONOMY,5
2000,"Grad Studies - Agri Sci & Natl Res
",PHD,WH,M,AGRO,,,AGRONOMY,5
2000,"Grad Studies - Agri Sci & Natl Res
",MS,WH,M,AGRO,,,AGRONOMY,7
2000,"Grad Studies - Agri Sci & Natl Res
",MS,ASI,M,ASCI,,,ANIMAL SCIENCE,1
2000,"Grad Studies - Agri Sci & Natl Res
",PHD,HISP,M,ASCI,,,ANIMAL SCIENCE,4
2000,"Grad Studies - Agri Sci & Natl Res
",PHD,UNK,F,ASCI,,,ANIMAL SCIENCE,1
2000,"Grad Studies - Agri Sci & Natl Res
",MS,UNK,F,ASCI,,,ANIMAL SCIENCE,1
2000,"Grad Studies - Agri Sci & Natl Res
",PHD,WH,F,ASCI,,,ANIMAL SCIENCE,1
2000,"Grad Studies - Agri Sci & Natl Res
",MS,WH,F,ASCI,,,ANIMAL SCIENCE,7
2000,"Grad Studies - Agri Sci & Natl Res
",PHD,WH,M,ASCI,,,ANIMAL SCIENCE,7
2000,"Grad Studies - Agri Sci & Natl Res
",MS,WH,M,ASCI,,,ANIMAL SCIENCE,12
2000,"Grad Studies - Agri Sci & Natl Res
",MS,ASI,F,BIOM,,,BIOMETRY,2
2000,"Grad Studies - Agri Sci & Natl Res
",MS,ASI,M,BIOM,,,BIOMETRY,3
2000,"Grad Studies - Agri Sci & Natl Res
",MS,WH,F,BIOM,,,BIOMETRY,2
2000,"Grad Studies - Agri Sci & Natl Res
",MS,WH,M,BIOM,,,BIOMETRY,2
2000,"Grad Studies - Agri Sci & Natl Res
",PHD,ASI,M,ENTO,,,ENTOMOLOGY,1
2000,"Grad Studies - Agri Sci & Natl Res
",MS,HISP,F,ENTO,,,ENTOMOLOGY,1
2000,"Grad Studies - Agri Sci & Natl Res
",MS,HISP,M,ENTO,,,ENTOMOLOGY,2
2000,"Grad Studies - Agri Sci & Natl Res
",PHD,WH,F,ENTO,,,ENTOMOLOGY,2
2000,"Grad Studies - Agri Sci & Natl Res
",MS,WH,F,ENTO,,,ENTOMOLOGY,3
2000,"Grad Studies - Agri Sci & Natl Res
",PHD,WH,M,ENTO,,,ENTOMOLOGY,1
2000,"Grad Studies - Agri Sci & Natl Res
",MS,WH,M,ENTO,,,ENTOMOLOGY,5
2000,"Grad Studies - Agri Sci & Natl Res
",PHD,ASI,F,FDST,,,FOOD SCIENCE AND TECHNOLOGY,1
2000,"Grad Studies - Agri Sci & Natl Res
",PHD,ASI,M,FDST,,,FOOD SCIENCE AND TECHNOLOGY,1
2000,"Grad Studies - Agri Sci & Natl Res
",MS,BLK,M,FDST,,,FOOD SCIENCE AND TECHNOLOGY,1
2000,"Grad Studies - Agri Sci & Natl Res
",MS,HISP,M,FDST,,,FOOD SCIENCE AND TECHNOLOGY,2
2000,"Grad Studies - Agri Sci & Natl Res
",PHD,WH,M,FDST,,,FOOD SCIENCE AND TECHNOLOGY,2
2000,"Grad Studies - Agri Sci & Natl Res
",MS,WH,M,FDST,,,FOOD SCIENCE AND TECHNOLOGY,1
2000,"Grad Studies - Agri Sci & Natl Res
",MS,UNK,M,HORT,,,HORTICULTURE,1
2000,"Grad Studies - Agri Sci & Natl Res
",MS,WH,F,HORT,,,HORTICULTURE,4
2000,"Grad Studies - Agri Sci & Natl Res
",MS,WH,M,HORT,,,HORTICULTURE,1
2000,"Grad Studies - Agri Sci & Natl Res
",PHD,ASI,M,HFOR,,,HORTICULTURE AND FORESTRY,1
2000,"Grad Studies - Agri Sci & Natl Res
",MS,WH,F,LEED,,,LEADERSHIP EDUCATION,6
2000,"Grad Studies - Agri Sci & Natl Res
",MS,WH,M,LEED,,,LEADERSHIP EDUCATION,2
2000,"Grad Studies - Agri Sci & Natl Res
",MS,WH,M,MSYM,,,MECHANIZED SYSTEMS MANAGEMENT,1
2000,"Grad Studies - Agri Sci & Natl Res
",MS,AI/AN,F,NRSC,,,NATURAL RESOURCE SCIENCES,1
2000,"Grad Studies - Agri Sci & Natl Res
",MS,WH,F,NRSC,,,NATURAL RESOURCE SCIENCES,2
2000,"Grad Studies - Agri Sci & Natl Res
",MS,WH,M,NRSC,,,NATURAL RESOURCE SCIENCES,7
2000,"Grad Studies - Agri Sci & Natl Res
",MS,WH,F,VETS,,,VETERINARY SCIENCE,2
2000,"Grad Studies - Architecture
",MCRP,WH,M,CRPL,,,COMMUNITY AND REGIONAL PLANNING,6
2000,"Grad Studies - Arts & Sciences
",MA,BLK,F,ANTH,,,ANTHROPOLOGY,1
2000,"Grad Studies - Arts & Sciences
",MA,WH,F,ANTH,,,ANTHROPOLOGY,5
2000,"Grad Studies - Arts & Sciences
",MA,WH,M,ANTH,,,ANTHROPOLOGY,3
2000,"Grad Studies - Arts & Sciences
",MA,WH,F,ANTH,MUSS,,ANTHROPOLOGY,1
2000,"Grad Studies - Arts & Sciences
",PHD,ASI,M,BIOS,,,BIOLOGICAL SCIENCES,2
2000,"Grad Studies - Arts & Sciences
",MS,ASI,M,BIOS,,,BIOLOGICAL SCIENCES,2
2000,"Grad Studies - Arts & Sciences
",PHD,WH,F,BIOS,,,BIOLOGICAL SCIENCES,1
2000,"Grad Studies - Arts & Sciences
",MS,WH,F,BIOS,,,BIOLOGICAL SCIENCES,2
2000,"Grad Studies - Arts & Sciences
",PHD,WH,M,BIOS,,,BIOLOGICAL SCIENCES,2
2000,"Grad Studies - Arts & Sciences
",MS,WH,M,BIOS,,,BIOLOGICAL SCIENCES,4
2000,"Grad Studies - Arts & Sciences
",PHD,ASI,M,CHEM,,,CHEMISTRY,6
2000,"Grad Studies - Arts & Sciences
",MS,ASI,M,CHEM,,,CHEMISTRY,2
2000,"Grad Studies - Arts & Sciences
",MS,BLK,M,CHEM,,,CHEMISTRY,1
2000,"Grad Studies - Arts & Sciences
",PHD,HISP,M,CHEM,,,CHEMISTRY,1
2000,"Grad Studies - Arts & Sciences
",MS,WH,F,CHEM,,,CHEMISTRY,1
2000,"Grad Studies - Arts & Sciences
",PHD,WH,M,CHEM,,,CHEMISTRY,2
2000,"Grad Studies - Arts & Sciences
",MS,WH,M,CHEM,,,CHEMISTRY,3
2000,"Grad Studies - Arts & Sciences
",MA,WH,M,CLAS,,,CLASSICS,4
2000,"Grad Studies - Arts & Sciences
",MS,ASI,F,COMP,,,COMPUTER SCIENCE,10
2000,"Grad Studies - Arts & Sciences
",PHD,ASI,M,COMP,,,COMPUTER SCIENCE,4
2000,"Grad Studies - Arts & Sciences
",MS,ASI,M,COMP,,,COMPUTER SCIENCE,13
2000,"Grad Studies - Arts & Sciences
",PHD,UNK,M,COMP,,,COMPUTER SCIENCE,1
2000,"Grad Studies - Arts & Sciences
",MS,UNK,M,COMP,,,COMPUTER SCIENCE,2
2000,"Grad Studies - Arts & Sciences
",PHD,WH,M,COMP,,,COMPUTER SCIENCE,4
2000,"Grad Studies - Arts & Sciences
",MS,WH,M,COMP,,,COMPUTER SCIENCE,3
2000,"Grad Studies - Arts & Sciences
",PHD,ASI,F,ENGL,,,ENGLISH,1
2000,"Grad Studies - Arts & Sciences
",PHD,ASI,M,ENGL,,,ENGLISH,1
2000,"Grad Studies - Arts & Sciences
",PHD,WH,F,ENGL,,,ENGLISH,7
2000,"Grad Studies - Arts & Sciences
",MA,WH,F,ENGL,,,ENGLISH,8
2000,"Grad Studies - Arts & Sciences
",PHD,WH,M,ENGL,,,ENGLISH,3
2000,"Grad Studies - Arts & Sciences
",MA,WH,M,ENGL,,,ENGLISH,4
2000,"Grad Studies - Arts & Sciences
",PHD,ASI,M,GEOG,,,GEOGRAPHY,1
2000,"Grad Studies - Arts & Sciences
",MA,BLK,M,GEOG,,,GEOGRAPHY,1
2000,"Grad Studies - Arts & Sciences
",MA,HISP,M,GEOG,,,GEOGRAPHY,1
2000,"Grad Studies - Arts & Sciences
",MA,UNK,M,GEOG,,,GEOGRAPHY,1
2000,"Grad Studies - Arts & Sciences
",MA,WH,F,GEOG,,,GEOGRAPHY,7
2000,"Grad Studies - Arts & Sciences
",PHD,WH,M,GEOG,,,GEOGRAPHY,1
2000,"Grad Studies - Arts & Sciences
",MA,WH,M,GEOG,,,GEOGRAPHY,3
2000,"Grad Studies - Arts & Sciences
",MS,ASI,F,GEOS,,,GEOSCIENCES,1
2000,"Grad Studies - Arts & Sciences
",PHD,ASI,M,GEOS,,,GEOSCIENCES,1
2000,"Grad Studies - Arts & Sciences
",MS,HISP,M,GEOS,,,GEOSCIENCES,1
2000,"Grad Studies - Arts & Sciences
",PHD,WH,F,GEOS,,,GEOSCIENCES,1
2000,"Grad Studies - Arts & Sciences
",MS,WH,F,GEOS,,,GEOSCIENCES,2
2000,"Grad Studies - Arts & Sciences
",PHD,WH,M,GEOS,,,GEOSCIENCES,3
2000,"Grad Studies - Arts & Sciences
",MS,WH,M,GEOS,,,GEOSCIENCES,2
2000,"Grad Studies - Arts & Sciences
",MA,HISP,M,HIST,,,HISTORY,1
2000,"Grad Studies - Arts & Sciences
",PHD,WH,F,HIST,,,HISTORY,1
2000,"Grad Studies - Arts & Sciences
",PHD,WH,M,HIST,,,HISTORY,5
2000,"Grad Studies - Arts & Sciences
",MA,WH,M,HIST,,,HISTORY,6
2000,"Grad Studies - Arts & Sciences
",MS,ASI,F,MAST,,,MATHEMATICS AND STATISTICS,2
2000,"Grad Studies - Arts & Sciences
",MS,ASI,M,MAST,,,MATHEMATICS AND STATISTICS,2
2000,"Grad Studies - Arts & Sciences
",MS,BLK,M,MAST,,,MATHEMATICS AND STATISTICS,1
2000,"Grad Studies - Arts & Sciences
",PHD,WH,F,MAST,,,MATHEMATICS AND STATISTICS,7
2000,"Grad Studies - Arts & Sciences
",MS,WH,F,MAST,,,MATHEMATICS AND STATISTICS,6
2000,"Grad Studies - Arts & Sciences
",PHD,WH,M,MAST,,,MATHEMATICS AND STATISTICS,2
2000,"Grad Studies - Arts & Sciences
",MS,WH,M,MAST,,,MATHEMATICS AND STATISTICS,3
2000,"Grad Studies - Arts & Sciences
",MA,WH,M,MAST,,,MATHEMATICS AND STATISTICS,1
2000,"Grad Studies - Arts & Sciences
",PHD,WH,F,MODL,,,MODERN LANGUAGES AND LIT-FRENCH,1
2000,"Grad Studies - Arts & Sciences
",MA,WH,M,MODL,,,MODERN LANGUAGES AND LIT-FRENCH,1
2000,"Grad Studies - Arts & Sciences
",PHD,WH,M,MODL,,,MODERN LANGUAGES AND LIT-GERMAN,1
2000,"Grad Studies - Arts & Sciences
",MA,ASI,F,MODL,,,MODERN LANGUAGES AND LIT-SPANISH,1
2000,"Grad Studies - Arts & Sciences
",MA,HISP,F,MODL,,,MODERN LANGUAGES AND LIT-SPANISH,1
2000,"Grad Studies - Arts & Sciences
",MA,HISP,M,MODL,,,MODERN LANGUAGES AND LIT-SPANISH,2
2000,"Grad Studies - Arts & Sciences
",PHD,WH,F,MODL,,,MODERN LANGUAGES AND LIT-SPANISH,1
2000,"Grad Studies - Arts & Sciences
",MA,WH,F,MODL,,,MODERN LANGUAGES AND LIT-SPANISH,4
2000,"Grad Studies - Arts & Sciences
",MA,WH,M,MODL,,,MODERN LANGUAGES AND LIT-SPANISH,1
2000,"Grad Studies - Arts & Sciences
",MA,WH,F,MODL,ENGL,,MODERN LANGUAGES AND LIT-SPANISH,1
2000,"Grad Studies - Arts & Sciences
",PHD,WH,F,PHIL,,,PHILOSOPHY,1
2000,"Grad Studies - Arts & Sciences
",PHD,WH,M,PHIL,,,PHILOSOPHY,1
2000,"Grad Studies - Arts & Sciences
",MA,WH,M,PHIL,,,PHILOSOPHY,1
2000,"Grad Studies - Arts & Sciences
",MS,ASI,F,PHYA,,,PHYSICS AND ASTRONOMY,3
2000,"Grad Studies - Arts & Sciences
",PHD,ASI,M,PHYA,,,PHYSICS AND ASTRONOMY,2
2000,"Grad Studies - Arts & Sciences
",MS,ASI,M,PHYA,,,PHYSICS AND ASTRONOMY,2
2000,"Grad Studies - Arts & Sciences
",MS,UNK,M,PHYA,,,PHYSICS AND ASTRONOMY,1
2000,"Grad Studies - Arts & Sciences
",PHD,WH,F,PHYA,,,PHYSICS AND ASTRONOMY,1
2000,"Grad Studies - Arts & Sciences
",PHD,WH,M,PHYA,,,PHYSICS AND ASTRONOMY,1
2000,"Grad Studies - Arts & Sciences
",MS,WH,M,PHYA,,,PHYSICS AND ASTRONOMY,1
2000,"Grad Studies - Arts & Sciences
",MA,WH,F,POLS,,,POLITICAL SCIENCE,3
2000,"Grad Studies - Arts & Sciences
",MA,WH,M,POLS,,,POLITICAL SCIENCE,3
2000,"Grad Studies - Arts & Sciences
",MA,ASI,F,PSYC,,,PSYCHOLOGY,1
2000,"Grad Studies - Arts & Sciences
",MA,BLK,F,PSYC,,,PSYCHOLOGY,1
2000,"Grad Studies - Arts & Sciences
",PHD,BLK,M,PSYC,,,PSYCHOLOGY,1
2000,"Grad Studies - Arts & Sciences
",PHD,HISP,F,PSYC,,,PSYCHOLOGY,1
2000,"Grad Studies - Arts & Sciences
",MA,HISP,M,PSYC,,,PSYCHOLOGY,3
2000,"Grad Studies - Arts & Sciences
",PHD,WH,F,PSYC,,,PSYCHOLOGY,8
2000,"Grad Studies - Arts & Sciences
",MA,WH,F,PSYC,,,PSYCHOLOGY,7
2000,"Grad Studies - Arts & Sciences
",PHD,WH,M,PSYC,,,PSYCHOLOGY,6
2000,"Grad Studies - Arts & Sciences
",MA,WH,M,PSYC,,,PSYCHOLOGY,4
2000,"Grad Studies - Arts & Sciences
",PHD,BLK,M,SOCI,,,SOCIOLOGY,1
2000,"Grad Studies - Arts & Sciences
",PHD,HISP,M,SOCI,,,SOCIOLOGY,1
2000,"Grad Studies - Arts & Sciences
",PHD,WH,F,SOCI,,,SOCIOLOGY,2
2000,"Grad Studies - Arts & Sciences
",MA,WH,F,SOCI,,,SOCIOLOGY,4
2000,"Grad Studies - Arts & Sciences
",PHD,WH,M,SOCI,,,SOCIOLOGY,1
2000,"Grad Studies - Arts & Sciences
",MA,WH,M,SOCI,,,SOCIOLOGY,5
2000,"Grad Studies - Business
",MPA,ASI,F,ACCT,,,ACCOUNTANCY,4
2000,"Grad Studies - Business
",MPA,HISP,M,ACCT,,,ACCOUNTANCY,1
2000,"Grad Studies - Business
",MPA,WH,F,ACCT,,,ACCOUNTANCY,14
2000,"Grad Studies - Business
",MPA,WH,M,ACCT,,,ACCOUNTANCY,13
2000,"Grad Studies - Business
",MS,ASI,F,ACTS,,,ACTUARIAL SCIENCE,1
2000,"Grad Studies - Business
",MS,ASI,M,ACTS,,,ACTUARIAL SCIENCE,4
2000,"Grad Studies - Business
",MS,WH,M,ACTS,,,ACTUARIAL SCIENCE,1
2000,"Grad Studies - Business
",PHD,ASI,F,BUSN,,,BUSINESS,1
2000,"Grad Studies - Business
",MBA,ASI,F,BUSN,,,BUSINESS,3
2000,"Grad Studies - Business
",MA,ASI,F,BUSN,,,BUSINESS,1
2000,"Grad Studies - Business
",PHD,ASI,M,BUSN,,,BUSINESS,3
2000,"Grad Studies - Business
",MA,ASI,M,BUSN,,,BUSINESS,1
2000,"Grad Studies - Business
",PHD,BLK,F,BUSN,,,BUSINESS,1
2000,"Grad Studies - Business
",MBA,BLK,M,BUSN,,,BUSINESS,2
2000,"Grad Studies - Business
",PHD,HISP,F,BUSN,,,BUSINESS,1
2000,"Grad Studies - Business
",PHD,UNK,F,BUSN,,,BUSINESS,1
2000,"Grad Studies - Business
",PHD,UNK,M,BUSN,,,BUSINESS,1
2000,"Grad Studies - Business
",MBA,UNK,M,BUSN,,,BUSINESS,1
2000,"Grad Studies - Business
",PHD,WH,F,BUSN,,,BUSINESS,2
2000,"Grad Studies - Business
",MBA,WH,F,BUSN,,,BUSINESS,15
2000,"Grad Studies - Business
",MA,WH,F,BUSN,,,BUSINESS,3
2000,"Grad Studies - Business
",PHD,WH,M,BUSN,,,BUSINESS,4
2000,"Grad Studies - Business
",MBA,WH,M,BUSN,,,BUSINESS,42
2000,"Grad Studies - Business
",MA,WH,M,BUSN,,,BUSINESS,2
2000,"Grad Studies - Business
",MA,ASI,F,ECON,,,ECONOMICS,1
2000,"Grad Studies - Business
",MA,ASI,M,ECON,,,ECONOMICS,2
2000,"Grad Studies - Business
",MA,UNK,M,ECON,,,ECONOMICS,1
2000,"Grad Studies - Business
",MA,WH,F,ECON,,,ECONOMICS,1
2000,"Grad Studies - Business
",PHD,WH,M,ECON,,,ECONOMICS,5
2000,"Grad Studies - Business
",MA,WH,M,ECON,,,ECONOMICS,2
2000,"Grad Studies - Engineering
",MS,ASI,F,CHME,,,CHEMICAL ENGINEERING,1
2000,"Grad Studies - Engineering
",MS,ASI,M,CHME,,,CHEMICAL ENGINEERING,4
2000,"Grad Studies - Engineering
",MS,WH,M,CHME,,,CHEMICAL ENGINEERING,3
2000,"Grad Studies - Engineering
",MS,ASI,F,CIVE,,,CIVIL ENGINEERING,1
2000,"Grad Studies - Engineering
",MS,ASI,M,CIVE,,,CIVIL ENGINEERING,1
2000,"Grad Studies - Engineering
",MS,BLK,M,CIVE,,,CIVIL ENGINEERING,1
2000,"Grad Studies - Engineering
",MS,WH,F,CIVE,,,CIVIL ENGINEERING,2
2000,"Grad Studies - Engineering
",MS,WH,M,CIVE,,,CIVIL ENGINEERING,4
2000,"Grad Studies - Engineering
",MS,ASI,F,ELEC,,,ELECTRICAL ENGINEERING,1
2000,"Grad Studies - Engineering
",MS,ASI,M,ELEC,,,ELECTRICAL ENGINEERING,4
2000,"Grad Studies - Engineering
",MS,UNK,F,ELEC,,,ELECTRICAL ENGINEERING,1
2000,"Grad Studies - Engineering
",MS,UNK,M,ELEC,,,ELECTRICAL ENGINEERING,1
2000,"Grad Studies - Engineering
",MS,WH,F,ELEC,,,ELECTRICAL ENGINEERING,1
2000,"Grad Studies - Engineering
",MS,WH,M,ELEC,,,ELECTRICAL ENGINEERING,9
2000,"Grad Studies - Engineering
",PHD,ASI,F,ENGR,,,ENGINEERING,1
2000,"Grad Studies - Engineering
",MENG,ASI,F,ENGR,,,ENGINEERING,2
2000,"Grad Studies - Engineering
",PHD,ASI,M,ENGR,,,ENGINEERING,6
2000,"Grad Studies - Engineering
",MENG,ASI,M,ENGR,,,ENGINEERING,3
2000,"Grad Studies - Engineering
",PHD,HISP,M,ENGR,,,ENGINEERING,1
2000,"Grad Studies - Engineering
",PHD,WH,F,ENGR,,,ENGINEERING,1
2000,"Grad Studies - Engineering
",PHD,WH,M,ENGR,,,ENGINEERING,3
2000,"Grad Studies - Engineering
",MS,ASI,M,ENGM,,,ENGINEERING MECHANICS,1
2000,"Grad Studies - Engineering
",MS,HISP,M,ENVE,,,ENVIRONMENTAL ENGINEERING,1
2000,"Grad Studies - Engineering
",MS,UNK,F,ENVE,,,ENVIRONMENTAL ENGINEERING,1
2000,"Grad Studies - Engineering
",MS,WH,F,ENVE,,,ENVIRONMENTAL ENGINEERING,2
2000,"Grad Studies - Engineering
",MS,WH,M,ENVE,,,ENVIRONMENTAL ENGINEERING,3
2000,"Grad Studies - Engineering
",MS,ASI,M,IMSE,,,INDUSTRIAL & MANAGEMENT SYSTEMS ENGINEERING,6
2000,"Grad Studies - Engineering
",MS,HISP,F,IMSE,,,INDUSTRIAL & MANAGEMENT SYSTEMS ENGINEERING,1
2000,"Grad Studies - Engineering
",MS,WH,F,IMSE,,,INDUSTRIAL & MANAGEMENT SYSTEMS ENGINEERING,1
2000,"Grad Studies - Engineering
",MS,WH,M,IMSE,,,INDUSTRIAL & MANAGEMENT SYSTEMS ENGINEERING,4
2000,"Grad Studies - Engineering
",MS,ASI,M,MFGE,,,MANUFACTURING SYSTEMS ENGINEERING,3
2000,"Grad Studies - Engineering
",MS,WH,F,MFGE,,,MANUFACTURING SYSTEMS ENGINEERING,1
2000,"Grad Studies - Engineering
",MS,WH,M,MFGE,,,MANUFACTURING SYSTEMS ENGINEERING,3
2000,"Grad Studies - Engineering
",MS,ASI,M,MECH,,,MECHANICAL ENGINEERING,3
2000,"Grad Studies - Engineering
",MS,UNK,M,MECH,,,MECHANICAL ENGINEERING,2
2000,"Grad Studies - Engineering
",MS,WH,F,MECH,,,MECHANICAL ENGINEERING,1
2000,"Grad Studies - Engineering
",MS,WH,M,MECH,,,MECHANICAL ENGINEERING,3
2000,Grad Studies - Fine & Perf Arts,MFA,UNK,M,ART,,,ART,1
2000,Grad Studies - Fine & Perf Arts,MFA,WH,F,ART,,,ART,3
2000,Grad Studies - Fine & Perf Arts,MFA,WH,M,ART,,,ART,1
2000,Grad Studies - Fine & Perf Arts,DMA,ASI,F,MUSC,,,MUSIC,1
2000,Grad Studies - Fine & Perf Arts,MM,WH,F,MUSC,,,MUSIC,12
2000,Grad Studies - Fine & Perf Arts,DMA,WH,F,MUSC,,,MUSIC,1
2000,Grad Studies - Fine & Perf Arts,MM,WH,M,MUSC,,,MUSIC,9
2000,Grad Studies - Fine & Perf Arts,DMA,WH,M,MUSC,,,MUSIC,1
2000,Grad Studies - Fine & Perf Arts,MFA,WH,M,THDN,,,THEATRE ARTS & DANCE,3
2000,"Grad Studies - Human Res & Family Sci
",MS,ASI,F,FACS,,,FAMILY AND CONSUMER SCIENCES,1
2000,"Grad Studies - Human Res & Family Sci
",MS,WH,F,FACS,,,FAMILY AND CONSUMER SCIENCES,4
2000,"Grad Studies - Human Res & Family Sci
",MS,WH,M,FACS,,,FAMILY AND CONSUMER SCIENCES,1
2000,"Grad Studies - Human Res & Family Sci
",PHD,ASI,F,HRFS,,,HUMAN RESOURCES AND FAMILY SCIENCES,1
2000,"Grad Studies - Human Res & Family Sci
",PHD,ASI,M,HRFS,,,HUMAN RESOURCES AND FAMILY SCIENCES,1
2000,"Grad Studies - Human Res & Family Sci
",PHD,WH,F,HRFS,,,HUMAN RESOURCES AND FAMILY SCIENCES,1
2000,"Grad Studies - Human Res & Family Sci
",MS,WH,F,HRFS,,,HUMAN RESOURCES AND FAMILY SCIENCES,2
2000,"Grad Studies - Human Res & Family Sci
",MS,WH,F,NUTR,,,NUTRITIONAL SCIENCE AND DIETETICS,6
2000,"Grad Studies - Human Res & Family Sci
",MS,ASI,F,TXCD,,,"TEXTILES, CLOTHING AND DESIGN",1
2000,Grad Studies - Journ & Mass Comm,MA,AI/AN,F,JOUR,,,JOURNALISM,1
2000,Grad Studies - Journ & Mass Comm,MA,ASI,F,JOUR,,,JOURNALISM,1
2000,Grad Studies - Journ & Mass Comm,MA,WH,F,JOUR,,,JOURNALISM,8
2000,Grad Studies - Journ & Mass Comm,MA,WH,M,JOUR,,,JOURNALISM,5
2000,Grad Studies - Teachers,MED,BLK,F,CURR,,,CURRICULUM AND INSTRUCTION,1
2000,Grad Studies - Teachers,MA,BLK,F,CURR,,,CURRICULUM AND INSTRUCTION,1
2000,Grad Studies - Teachers,MED,BLK,M,CURR,,,CURRICULUM AND INSTRUCTION,1
2000,Grad Studies - Teachers,MED,HISP,M,CURR,,,CURRICULUM AND INSTRUCTION,1
2000,Grad Studies - Teachers,MA,UNK,F,CURR,,,CURRICULUM AND INSTRUCTION,1
2000,Grad Studies - Teachers,MST,WH,F,CURR,,,CURRICULUM AND INSTRUCTION,10
2000,Grad Studies - Teachers,MED,WH,F,CURR,,,CURRICULUM AND INSTRUCTION,19
2000,Grad Studies - Teachers,MA,WH,F,CURR,,,CURRICULUM AND INSTRUCTION,10
2000,Grad Studies - Teachers,EDS,WH,F,CURR,,,CURRICULUM AND INSTRUCTION,1
2000,Grad Studies - Teachers,MST,WH,M,CURR,,,CURRICULUM AND INSTRUCTION,9
2000,Grad Studies - Teachers,MED,WH,M,CURR,,,CURRICULUM AND INSTRUCTION,7
2000,Grad Studies - Teachers,MA,WH,M,CURR,,,CURRICULUM AND INSTRUCTION,4
2000,Grad Studies - Teachers,EDD,BLK,F,ADCI,,,"EDUCATION-ADMINISTRATION, CURRICULUM & INSTR",1
2000,Grad Studies - Teachers,PHD,UNK,F,ADCI,,,"EDUCATION-ADMINISTRATION, CURRICULUM & INSTR",1
2000,Grad Studies - Teachers,PHD,WH,F,ADCI,,,"EDUCATION-ADMINISTRATION, CURRICULUM & INSTR",15
2000,Grad Studies - Teachers,EDD,WH,F,ADCI,,,"EDUCATION-ADMINISTRATION, CURRICULUM & INSTR",2
2000,Grad Studies - Teachers,PHD,WH,M,ADCI,,,"EDUCATION-ADMINISTRATION, CURRICULUM & INSTR",12
2000,Grad Studies - Teachers,EDD,WH,M,ADCI,,,"EDUCATION-ADMINISTRATION, CURRICULUM & INSTR",3
2000,Grad Studies - Teachers,PHD,HISP,F,CMHR,,,EDUCATION-COMMUNITY AND HUMAN RESOURCES,1
2000,Grad Studies - Teachers,PHD,WH,F,CMHR,,,EDUCATION-COMMUNITY AND HUMAN RESOURCES,6
2000,Grad Studies - Teachers,PHD,ASI,F,PCS,,,EDUCATION-PSYCHOLOGICAL AND CULTURAL STUDIES,3
2000,Grad Studies - Teachers,PHD,ASI,M,PCS,,,EDUCATION-PSYCHOLOGICAL AND CULTURAL STUDIES,1
2000,Grad Studies - Teachers,PHD,HISP,M,PCS,,,EDUCATION-PSYCHOLOGICAL AND CULTURAL STUDIES,2
2000,Grad Studies - Teachers,PHD,UNK,F,PCS,,,EDUCATION-PSYCHOLOGICAL AND CULTURAL STUDIES,1
2000,Grad Studies - Teachers,PHD,WH,F,PCS,,,EDUCATION-PSYCHOLOGICAL AND CULTURAL STUDIES,12
2000,Grad Studies - Teachers,PHD,WH,M,PCS,,,EDUCATION-PSYCHOLOGICAL AND CULTURAL STUDIES,7
2000,Grad Studies - Teachers,MED,BLK,F,EDAD,,,EDUCATIONAL ADMINISTRATION,1
2000,Grad Studies - Teachers,MED,UNK,F,EDAD,,,EDUCATIONAL ADMINISTRATION,1
2000,Grad Studies - Teachers,MED,WH,F,EDAD,,,EDUCATIONAL ADMINISTRATION,9
2000,Grad Studies - Teachers,MA,WH,F,EDAD,,,EDUCATIONAL ADMINISTRATION,2
2000,Grad Studies - Teachers,MED,WH,M,EDAD,,,EDUCATIONAL ADMINISTRATION,15
2000,Grad Studies - Teachers,MA,WH,M,EDAD,,,EDUCATIONAL ADMINISTRATION,1
2000,Grad Studies - Teachers,EDD,WH,M,EDJT,,,EDUCATIONAL ADMINISTRATION (UNL-UNO),1
2000,Grad Studies - Teachers,SXCT,WH,F,EDAS,,,EDUCATIONAL ADMINISTRATION AND SUPERVISION,2
2000,Grad Studies - Teachers,SXCT,WH,M,EDAS,,,EDUCATIONAL ADMINISTRATION AND SUPERVISION,4
2000,Grad Studies - Teachers,MA,AI/AN,F,EDPS,,,EDUCATIONAL PSYCHOLOGY,2
2000,Grad Studies - Teachers,MA,ASI,F,EDPS,,,EDUCATIONAL PSYCHOLOGY,1
2000,Grad Studies - Teachers,MA,BLK,F,EDPS,,,EDUCATIONAL PSYCHOLOGY,1
2000,Grad Studies - Teachers,MA,UNK,F,EDPS,,,EDUCATIONAL PSYCHOLOGY,2
2000,Grad Studies - Teachers,MA,WH,F,EDPS,,,EDUCATIONAL PSYCHOLOGY,12
2000,Grad Studies - Teachers,EDS,WH,F,EDPS,,,EDUCATIONAL PSYCHOLOGY,4
2000,Grad Studies - Teachers,MA,WH,M,EDPS,,,EDUCATIONAL PSYCHOLOGY,5
2000,Grad Studies - Teachers,MED,ASI,F,HHPF,,,HEALTH AND HUMAN PERFORMANCE,2
2000,Grad Studies - Teachers,MED,ASI,M,HHPF,,,HEALTH AND HUMAN PERFORMANCE,1
2000,Grad Studies - Teachers,MPE,WH,F,HHPF,,,HEALTH AND HUMAN PERFORMANCE,1
2000,Grad Studies - Teachers,MED,WH,F,HHPF,,,HEALTH AND HUMAN PERFORMANCE,3
2000,Grad Studies - Teachers,MPE,WH,M,HHPF,,,HEALTH AND HUMAN PERFORMANCE,1
2000,Grad Studies - Teachers,MED,BLK,M,SPED,,,SPECIAL EDUCATION,1
2000,Grad Studies - Teachers,MED,WH,F,SPED,,,SPECIAL EDUCATION,18
2000,Grad Studies - Teachers,MA,WH,F,SPED,,,SPECIAL EDUCATION,6
2000,Grad Studies - Teachers,MED,WH,M,SPED,,,SPECIAL EDUCATION,6
2000,Grad Studies - Teachers,MA,WH,M,SPED,,,SPECIAL EDUCATION,1
2000,Grad Studies - Teachers,MS,ASI,F,SLPA,,,SPEECH-LANGUAGE PATHOLOGY & AUDIOLOGY,1
2000,Grad Studies - Teachers,MS,BLK,F,SLPA,,,SPEECH-LANGUAGE PATHOLOGY & AUDIOLOGY,1
2000,Grad Studies - Teachers,MS,HISP,F,SLPA,,,SPEECH-LANGUAGE PATHOLOGY & AUDIOLOGY,2
2000,Grad Studies - Teachers,MS,WH,F,SLPA,,,SPEECH-LANGUAGE PATHOLOGY & AUDIOLOGY,27
2000,Grad Studies - Teachers,MS,WH,M,SLPA,,,SPEECH-LANGUAGE PATHOLOGY & AUDIOLOGY,2
2000,Grad Studies - Teachers,MED,HISP,F,VAED,,,VOCATIONAL AND ADULT EDUCATION,1
2000,Grad Studies - Teachers,MED,WH,F,VAED,,,VOCATIONAL AND ADULT EDUCATION,8
2000,Grad Studies - Teachers,MA,WH,F,VAED,,,VOCATIONAL AND ADULT EDUCATION,4
2000,Grad Studies - Teachers,MED,WH,M,VAED,,,VOCATIONAL AND ADULT EDUCATION,5
2000,Grad Studies,MS,ASI,F,BIOC,,,BIOCHEMISTRY,1
2000,Grad Studies,PHD,WH,M,BIOC,,,BIOCHEMISTRY,1
2000,Grad Studies,MA,BLK,M,CSTA,,,COMMUNICATION STUDIES AND THEATRE ARTS,1
2000,Grad Studies,PHD,WH,F,CSTA,,,COMMUNICATION STUDIES AND THEATRE ARTS,1
2000,Grad Studies,MA,WH,F,CSTA,,,COMMUNICATION STUDIES AND THEATRE ARTS,3
2000,Grad Studies,PHD,WH,M,CSTA,,,COMMUNICATION STUDIES AND THEATRE ARTS,5
2000,Grad Studies,MA,WH,M,CSTA,,,COMMUNICATION STUDIES AND THEATRE ARTS,1
2000,Grad Studies,MLS,WH,M,LGLS,,,LEGAL STUDIES,3
2000,Grad Studies,MA,HISP,F,MUSS,,,MUSEUM STUDIES,1
2000,Grad Studies,MA,HISP,M,MUSS,,,MUSEUM STUDIES,1
2000,Grad Studies,MA,UNK,F,MUSS,,,MUSEUM STUDIES,1
2000,Grad Studies,MA,WH,F,MUSS,,,MUSEUM STUDIES,10
2000,Grad Studies,MA,WH,M,MUSS,,,MUSEUM STUDIES,1
2000,Grad Studies,MS,WH,F,SRAM,,,SURVEY RESEARCH AND METHODOLOGY,2
2000,Grad Studies,MS,WH,M,SRAM,,,SURVEY RESEARCH AND METHODOLOGY,1